Task List ID,Parent Task ID,Task ID,Critical Task,Task Name,Custom Status,Work hours,Priority,Tags,Task Description,Phase Name,Start Date,Due Date,Associated Team,Duration,% Completed,Created By,Completion Date,Duration Type,Billable Hours,Forecasted Hours,Billing Type,Task List Name,Schedule Status,Predecessors,Successors,Task Comment,Phase Start Date,Phase End Date,Project Name,Parent Task System ID,Parent Task Name,Task System ID,Owner,Project Group,Non Billable Hours,Total Log Hours,Individual Work,Work Hours Per Owner,Work Hours Unit,Dependency status,Difference,Project ID,Project Status,Task URL,Created Time,Planned Cost,Actual Cost,Budget Balance,Forecasted Cost,Planned Value,Earned Value,Schedule Variance,Cost Variance,Planned Revenue,Actual Revenue,Forecasted Revenue
2350689000000055300,-,HI2-T18,No,Develop Accident Reporting Procedures,In Progress,72:00,High,"""Accident Reporting"",""Safety Compliance"",""HR Implementation"",""Workers Compensation"",""Project Management""","The task involves developing comprehensive accident reporting procedures aimed at enhancing workplace safety and compliance. It is categorized under the Workers Comp and Safety Team and is currently in progress. The completion of this task is essential for the HR Implementation Plan and aligns with the project's active status, highlighting its importance in maintaining safety standards within the organization.",03. Mandated Training & Labor Compliance,"July 11, 2024 9:00 AM (EDT)","November 14, 2024 6:00 PM (EST)",Workers Comp and Safety Team,8,0,Cody Rice-Velasquez,-,days,0:00,00:00,Billable,Accident Reporting and Safety Compliance,Upcoming,,,,"January 11, 2024 12:00 AM (EST)","November 30, 2024 12:00 AM (EST)",HR Implementation Plan,-,,2350689000000056000,Cody Rice-Velasquez,Audits,0:00,0:00,,0,hrs,Independent Tasks,00:00,QU-5,Active,https://projects.zoho.com/portal/download/qhrpeople#task/2350689000000055067/2350689000000055551/2350689000000055639,"November 8, 2024 4:01 AM (EST)",-,-,-,-,-,-,-,-,-,-,-
2350689000000055300,-,HI2-T20,Yes,Implement Safety Incident Reporting System,In Progress,240:00,High,"""Safety"",""Incident Reporting"",""HR Implementation"",""Compliance"",""In Progress""","The task involves implementing a Safety Incident Reporting System as part of the HR Implementation Plan. This project, led by Cody Rice-Velasquez, aims to enhance accident reporting and ensure safety compliance within the organization. Currently in progress, the task is critical to the project's success and is scheduled to be completed by December 31, 2024.",03. Mandated Training & Labor Compliance,"January 11, 2024 9:00 AM (EST)","December 31, 2024 6:00 PM (EST)",Workers Comp and Safety Team,61,0,Cody Rice-Velasquez,-,days,0:00,00:00,Billable,Accident Reporting and Safety Compliance,Upcoming,,,,"January 11, 2024 12:00 AM (EST)","November 30, 2024 12:00 AM (EST)",HR Implementation Plan,-,,2350689000000056000,Cody Rice-Velasquez,Audits,0:00,0:00,,0,hrs,Independent Tasks,00:00,QU-5,Active,https://projects.zoho.com/portal/download/qhrpeople#task/2350689000000055067/2350689000000055551/2350689000000055655,"November 8, 2024 4:02 AM (EST)",-,-,-,-,-,-,-,-,-,-,-
2350689000000055300,HI2-T64,HI2-T19,No,Train Employees on Accident Reporting Protocols,On Hold,00:00,High,"""Training"",""Accident Reporting"",""HR Implementation"",""Safety"",""Workers Comp"",""Compliance""","This task involves training employees on accident reporting protocols as part of the HR Implementation Plan. The training aims to ensure compliance with safety regulations and promote a culture of safety within the organization. The task is currently on hold and is scheduled to start on December 1, 2024, with a due date of December 31, 2024.",03. Mandated Training & Labor Compliance,"December 1, 2024","December 31, 2024",Workers Comp and Safety Team,-,0,Cody Rice-Velasquez,-,days,0:00,00:00,Billable,"Mandated Training (e.g., OSHA, Safety)",-,,,,"January 11, 2024 12:00 AM (EST)","November 30, 2024 12:00 AM (EST)",HR Implementation Plan,2350689000000131211,Training: Workers Comp and Safety,2350689000000056000,Cody Rice-Velasquez,Audits,0:00,0:00,,0,hrs,Independent Tasks,,QU-5,Active,https://projects.zoho.com/portal/download/qhrpeople#task/2350689000000055067/2350689000000055547/2350689000000055647,"November 8, 2024 4:01 AM (EST)",-,-,-,-,-,-,-,-,-,-,-
2350689000000055300,HI2-T23,HI2-T24,No,Document Training Completion and Certifications,On Hold,00:00,High,"""Training"",""HR"",""Compliance"",""Implementation"",""Audits""","This task involves scheduling and conducting mandated training sessions for the HR Implementation Plan. The training is currently on hold and is set to start on January 11, 2024, with a completion due by December 31, 2024. It requires coordination between the HR Implementation Team and the Sales Team to ensure compliance with necessary training requirements.",03. Mandated Training & Labor Compliance,"December 1, 2024","December 31, 2024","HR Implementation Team, Sales Team",-,0,Cody Rice-Velasquez,-,days,0:00,00:00,Billable,"Mandated Training (e.g., OSHA, Safety)",-,,,,"January 11, 2024 12:00 AM (EST)","November 30, 2024 12:00 AM (EST)",HR Implementation Plan,2350689000000055679,Schedule and Conduct Mandated Training Sessions,2350689000000056000,Cody Rice-Velasquez,Audits,0:00,0:00,,0,hrs,Independent Tasks,,QU-5,Active,https://projects.zoho.com/portal/download/qhrpeople#task/2350689000000055067/2350689000000055547/2350689000000055687,"November 8, 2024 4:02 AM (EST)",-,-,-,-,-,-,-,-,-,-,-
2350689000000055300,-,HI2-T23,No,Schedule and Conduct Mandated Training Sessions,On Hold,240:00,Medium,"""Training"",""Safety"",""Compliance"",""HR"",""Workers Compensation""","This task involves scheduling and conducting mandated training sessions for the Workers Comp and Safety Team. It is currently on hold and is part of the HR Implementation Plan, with a start date of December 1, 2024, and a due date of December 31, 2024. The task is independent and aims to ensure compliance with safety regulations.",03. Mandated Training & Labor Compliance,"December 1, 2024","December 31, 2024",Workers Comp and Safety Team,-,0,Cody Rice-Velasquez,-,days,0:00,00:00,Billable,"Mandated Training (e.g., OSHA, Safety)",-,,,,"January 11, 2024 12:00 AM (EST)","November 30, 2024 12:00 AM (EST)",HR Implementation Plan,-,,2350689000000056000,Cody Rice-Velasquez,Audits,0:00,0:00,,0,hrs,Independent Tasks,,QU-5,Active,https://projects.zoho.com/portal/download/qhrpeople#task/2350689000000055067/2350689000000055547/2350689000000055679,"November 8, 2024 4:02 AM (EST)",-,-,-,-,-,-,-,-,-,-,-
2350689000000055300,HI2-T64,HI2-T25,Yes,OSHA,In Progress,240:00,High,"""OSHA"",""Training"",""Workers Comp"",""Safety"",""HR Implementation"",""Audits"",""In Progress""","This task involves the implementation of mandated training related to OSHA and safety protocols as part of the HR Implementation Plan. It is assigned to the Workers Comp and Safety Team and is currently in progress, with a start date of December 1, 2024, and a due date of December 31, 2024. The task is classified as critical and is independent, emphasizing its priority in ensuring compliance with safety regulations.",03. Mandated Training & Labor Compliance,"December 1, 2024","December 31, 2024",Workers Comp and Safety Team,-,0,Cody Rice-Velasquez,-,days,0:00,00:00,Billable,"Mandated Training (e.g., OSHA, Safety)",-,,,,"January 11, 2024 12:00 AM (EST)","November 30, 2024 12:00 AM (EST)",HR Implementation Plan,2350689000000131211,Training: Workers Comp and Safety,2350689000000056000,Cody Rice-Velasquez,Audits,0:00,0:00,,0,hrs,Independent Tasks,,QU-5,Active,https://projects.zoho.com/portal/download/qhrpeople#task/2350689000000055067/2350689000000055547/2350689000000055699,"November 8, 2024 4:03 AM (EST)",-,-,-,-,-,-,-,-,-,-,-
2350689000000055300,HI2-T64,HI2-T30,No,Live Shooter Training,On Hold,00:00,High,"""Live Shooter Training"",""Safety"",""HR Implementation"",""Training"",""Workers Comp""","This task involves providing live shooter training as part of the mandated training initiatives for the Workers Comp and Safety Team. The training is currently on hold and is scheduled to start on December 1, 2024, with a due date of December 31, 2024. The project is overseen by Cody Rice-Velasquez and aims to ensure compliance with safety regulations.",03. Mandated Training & Labor Compliance,"December 1, 2024","December 31, 2024",Workers Comp and Safety Team,-,0,Cody Rice-Velasquez,-,days,0:00,00:00,Billable,"Mandated Training (e.g., OSHA, Safety)",-,,,,"January 11, 2024 12:00 AM (EST)","November 30, 2024 12:00 AM (EST)",HR Implementation Plan,2350689000000131211,Training: Workers Comp and Safety,2350689000000056000,Cody Rice-Velasquez,Audits,0:00,0:00,,0,hrs,Independent Tasks,,QU-5,Active,https://projects.zoho.com/portal/download/qhrpeople#task/2350689000000055067/2350689000000055547/2350689000000055739,"November 8, 2024 4:04 AM (EST)",-,-,-,-,-,-,-,-,-,-,-
2350689000000055300,HI2-T64,HI2-T31,No,Evacuations,On Hold,00:00,High,"""Evacuations"",""Workers Comp"",""Safety"",""Training"",""HR Implementation Plan""","This task involves planning and executing evacuations as part of the HR Implementation Plan, under the oversight of the Workers Comp and Safety Team. The project is currently on hold and is scheduled to commence on January 11, 2024, with a due date of December 31, 2024. The task requires collaboration and adherence to mandated training protocols, specifically related to OSHA and safety standards.",03. Mandated Training & Labor Compliance,"December 1, 2024","December 31, 2024",Workers Comp and Safety Team,-,0,Cody Rice-Velasquez,-,days,0:00,00:00,Billable,"Mandated Training (e.g., OSHA, Safety)",-,,,,"January 11, 2024 12:00 AM (EST)","November 30, 2024 12:00 AM (EST)",HR Implementation Plan,2350689000000131211,Training: Workers Comp and Safety,2350689000000056000,Cody Rice-Velasquez,Audits,0:00,0:00,,0,hrs,Independent Tasks,,QU-5,Active,https://projects.zoho.com/portal/download/qhrpeople#task/2350689000000055067/2350689000000055547/2350689000000055747,"November 8, 2024 4:04 AM (EST)",-,-,-,-,-,-,-,-,-,-,-
2350689000000055300,HI2-T22,HI2-T64,Yes,Training: Workers Comp and Safety,On Hold,240:00,High,"""Training"",""Workers Comp"",""Safety"",""HR Implementation"",""Mandated Training"",""OSHA""","This task involves developing and implementing training content for mandated topics related to Workers Compensation and Safety. The training is a critical component of the HR Implementation Plan and is scheduled to commence on January 11, 2024, and conclude by November 30, 2024. The task is currently on hold, with a total duration of 30 days and is prioritized as a critical task within the Audits project group.",03. Mandated Training & Labor Compliance,"January 11, 2024 9:00 AM (EST)","November 30, 2024 6:00 PM (EST)",Workers Comp and Safety Team,30,0,Cody Rice-Velasquez,-,days,0:00,00:00,Billable,"Mandated Training (e.g., OSHA, Safety)",Upcoming,,,,"January 11, 2024 12:00 AM (EST)","November 30, 2024 12:00 AM (EST)",HR Implementation Plan,2350689000000055671,Develop Training Content for Each Mandated Topic,2350689000000131000,Cody Rice-Velasquez,Audits,0:00,0:00,,0,hrs,Independent Tasks,00:00,QU-5,Active,https://projects.zoho.com/portal/download/qhrpeople#task/2350689000000055067/2350689000000055547/2350689000000131211,"August 26, 2024 8:43 PM (EDT)",-,-,-,-,-,-,-,-,-,-,-
2350689000000055300,HI2-T64,HI2-T37,Yes,Workers Compensation,In Progress,72:00,High,"""Workers Compensation"",""HR Implementation Plan"",""Training"",""Safety"",""Audits"",""In Progress"",""Active""","This task involves the completion of mandated training related to Workers Compensation and Safety within the HR Implementation Plan. The project is currently in progress and requires coordination with the Workers Comp and Safety Team, led by Cody Rice-Velasquez. The training must be completed by December 31, 2024, with a focus on compliance and safety standards.",03. Mandated Training & Labor Compliance,"December 1, 2024","December 31, 2024",Workers Comp and Safety Team,-,0,Cody Rice-Velasquez,-,days,0:00,00:00,Billable,"Mandated Training (e.g., OSHA, Safety)",-,,,,"January 11, 2024 12:00 AM (EST)","November 30, 2024 12:00 AM (EST)",HR Implementation Plan,2350689000000131211,Training: Workers Comp and Safety,2350689000000056000,Cody Rice-Velasquez,Audits,0:00,0:00,,0,hrs,Independent Tasks,,QU-5,Active,https://projects.zoho.com/portal/download/qhrpeople#task/2350689000000055067/2350689000000055547/2350689000000055795,"November 8, 2024 4:08 AM (EST)",-,-,-,-,-,-,-,-,-,-,-
2350689000000055300,HI2-T63,HI2-T27,Yes,ADA,On Hold,00:00,High,"""ADA"",""Diversity"",""Anti-Harassment"",""Training"",""HR Implementation Plan"",""Upcoming""","The ADA task is part of the HR Implementation Plan, focusing on mandated training related to anti-harassment and diversity. Currently on hold, it is scheduled to start on October 11, 2024, and is a critical task within the Audits project group. The task is independent and requires no billable hours at this time.",03. Mandated Training & Labor Compliance,"October 11, 2024 9:00 AM (EDT)","October 11, 2024 6:00 PM (EDT)",Diversity and Anit-Harrassment Team,1,0,Cody Rice-Velasquez,-,days,0:00,00:00,Billable,"Mandated Training (e.g., OSHA, Safety)",Upcoming,,,,"January 11, 2024 12:00 AM (EST)","November 30, 2024 12:00 AM (EST)",HR Implementation Plan,2350689000000131197,Training: Anti-Harassment and Diversity Training,2350689000000056000,Cody Rice-Velasquez,Audits,0:00,0:00,,0,hrs,Independent Tasks,00:00,QU-5,Active,https://projects.zoho.com/portal/download/qhrpeople#task/2350689000000055067/2350689000000055547/2350689000000055715,"November 8, 2024 4:04 AM (EST)",-,-,-,-,-,-,-,-,-,-,-
2350689000000055300,HI2-T63,HI2-T29,Yes,Workplace Harrasment,In Progress,08:00,High,"""Workplace Harassment"", ""Diversity"", ""Anti-Harassment"", ""Training"", ""HR Implementation"", ""Active"", ""Critical Task""","This task involves developing and implementing mandated training programs focused on anti-harassment and diversity within the workplace. The project is being led by Cody Rice-Velasquez and is currently in progress, with a critical status indicating its high priority. The training is scheduled to start on January 11, 2024, and aims to enhance workplace culture and compliance with diversity initiatives.",03. Mandated Training & Labor Compliance,"October 11, 2024 9:00 AM (EDT)","October 11, 2024 6:00 PM (EDT)",Diversity and Anit-Harrassment Team,1,0,Cody Rice-Velasquez,-,days,0:00,00:00,Billable,"Mandated Training (e.g., OSHA, Safety)",Upcoming,,,,"January 11, 2024 12:00 AM (EST)","November 30, 2024 12:00 AM (EST)",HR Implementation Plan,2350689000000131197,Training: Anti-Harassment and Diversity Training,2350689000000056000,Cody Rice-Velasquez,Audits,0:00,0:00,,0,hrs,Independent Tasks,00:00,QU-5,Active,https://projects.zoho.com/portal/download/qhrpeople#task/2350689000000055067/2350689000000055547/2350689000000055731,"November 8, 2024 4:04 AM (EST)",-,-,-,-,-,-,-,-,-,-,-
2350689000000055300,HI2-T63,HI2-T35,Yes,Title VII,On Hold,08:00,High,"""Title VII"",""Diversity"",""Anti-Harassment"",""Training"",""HR Implementation Plan"",""Upcoming"",""Critical Task""","Task Title VII focuses on mandated training related to anti-harassment and diversity, assigned to the Diversity and Anti-Harassment Team. Currently on hold, this critical task is scheduled to commence on February 11, 2024, and is part of the HR Implementation Plan. The task is independent, with no hours logged yet, and aims to ensure compliance and awareness within the organization.",03. Mandated Training & Labor Compliance,"February 11, 2024 9:00 AM (EST)","February 11, 2024 6:00 PM (EST)",Diversity and Anit-Harrassment Team,1,0,Cody Rice-Velasquez,-,days,0:00,00:00,Billable,"Mandated Training (e.g., OSHA, Safety)",Upcoming,,,,"January 11, 2024 12:00 AM (EST)","November 30, 2024 12:00 AM (EST)",HR Implementation Plan,2350689000000131197,Training: Anti-Harassment and Diversity Training,2350689000000056000,Cody Rice-Velasquez,Audits,0:00,0:00,,0,hrs,Independent Tasks,00:00,QU-5,Active,https://projects.zoho.com/portal/download/qhrpeople#task/2350689000000055067/2350689000000055547/2350689000000055779,"November 8, 2024 4:07 AM (EST)",-,-,-,-,-,-,-,-,-,-,-
2350689000000055300,HI2-T22,HI2-T63,Yes,Training: Anti-Harassment and Diversity Training,In Progress,08:00,High,"""Anti-Harassment"",""Diversity Training"",""HR Implementation"",""Mandated Training"",""Training"",""In Progress""","This task involves the development and implementation of anti-harassment and diversity training as part of the HR Implementation Plan. The training is mandated and is to be completed by January 11, 2024. The task is currently in progress and is critical to the associated Diversity and Anti-Harassment Team.",03. Mandated Training & Labor Compliance,"January 11, 2024 9:00 AM (EST)","January 11, 2024 6:00 PM (EST)",Diversity and Anit-Harrassment Team,1,0,Cody Rice-Velasquez,-,days,0:00,00:00,Billable,"Mandated Training (e.g., OSHA, Safety)",Upcoming,,,,"January 11, 2024 12:00 AM (EST)","November 30, 2024 12:00 AM (EST)",HR Implementation Plan,2350689000000055671,Develop Training Content for Each Mandated Topic,2350689000000131000,Cody Rice-Velasquez,Audits,0:00,0:00,,0,hrs,Independent Tasks,00:00,QU-5,Active,https://projects.zoho.com/portal/download/qhrpeople#task/2350689000000055067/2350689000000055547/2350689000000131197,"August 26, 2024 8:42 PM (EDT)",-,-,-,-,-,-,-,-,-,-,-
2350689000000055300,HI2-T62,HI2-T28,Yes,I9s,On Hold,00:00,High,"""I9s"",""I9 Compliance"",""HR Implementation Plan"",""Training"",""Active"",""On Hold""","This task involves the I9 Compliance Training as part of the HR Implementation Plan, which is currently on hold. The training is critical and has a planned start date of January 11, 2024, with a completion date set for December 21, 2024. The task is categorized under Audits and is expected to ensure compliance with mandated training requirements.",03. Mandated Training & Labor Compliance,"October 22, 2024 9:00 AM (EDT)","December 21, 2024 6:00 PM (EST)",I9 Compliance Team,61,0,Cody Rice-Velasquez,-,days,0:00,00:00,Billable,"Mandated Training (e.g., OSHA, Safety)",Upcoming,,,,"January 11, 2024 12:00 AM (EST)","November 30, 2024 12:00 AM (EST)",HR Implementation Plan,2350689000000131183,"Training: Time, Leave & Wages",2350689000000056000,Cody Rice-Velasquez,Audits,0:00,0:00,,0,hrs,Independent Tasks,00:00,QU-5,Active,https://projects.zoho.com/portal/download/qhrpeople#task/2350689000000055067/2350689000000055547/2350689000000055723,"November 8, 2024 4:04 AM (EST)",-,-,-,-,-,-,-,-,-,-,-
2350689000000055300,HI2-T62,HI2-T78,Yes,BGCK Procedures,In Progress,08:00,High,"""BGCK"",""HR Implementation Plan"",""Training"",""Audits"",""In Progress""","This task involves the mandated training related to Time, Leave, and Wages as part of the HR Implementation Plan. It is currently in progress and critical to the project, with a scheduled start date of January 11, 2024, and a due date of October 23, 2024. The task is independent and has not yet been started, with a completion percentage of 0%.",03. Mandated Training & Labor Compliance,"October 23, 2024 9:00 AM (EDT)","October 23, 2024 6:00 PM (EDT)",Not Associated,1,0,Cody Rice-Velasquez,-,days,0:00,00:00,Billable,"Mandated Training (e.g., OSHA, Safety)",Upcoming,,,,"January 11, 2024 12:00 AM (EST)","November 30, 2024 12:00 AM (EST)",HR Implementation Plan,2350689000000131183,"Training: Time, Leave & Wages",2350689000000131600,Cody Rice-Velasquez,Audits,0:00,0:00,,0,hrs,Independent Tasks,00:00,QU-5,Active,https://projects.zoho.com/portal/download/qhrpeople#task/2350689000000055067/2350689000000055547/2350689000000131683,"August 26, 2024 9:10 PM (EDT)",-,-,-,-,-,-,-,-,-,-,-
2350689000000055300,HI2-T62,HI2-T36,No,EPA,On Hold,08:00,High,"""EPA"",""HR Implementation Plan"",""Training"",""Compliance"",""Mandated Training"",""QHR FMLA"",""Wage Compliance""","This task involves the implementation of mandated training related to time, leave, and wages as part of the HR Implementation Plan. Currently on hold, it is scheduled to start on October 14, 2024, with a duration of one day. The associated team is the QHR FMLA and Wage Compliance Team, and the task is considered overdue.",03. Mandated Training & Labor Compliance,"October 14, 2024 9:00 AM (EDT)","October 14, 2024 6:00 PM (EDT)",QHR FMLA and Wage Compliance Team,1,0,Cody Rice-Velasquez,-,days,0:00,00:00,Billable,"Mandated Training (e.g., OSHA, Safety)",Overdue,,,,"January 11, 2024 12:00 AM (EST)","November 30, 2024 12:00 AM (EST)",HR Implementation Plan,2350689000000131183,"Training: Time, Leave & Wages",2350689000000056000,Cody Rice-Velasquez,Audits,0:00,0:00,,0,hrs,Independent Tasks,00:00,QU-5,Active,https://projects.zoho.com/portal/download/qhrpeople#task/2350689000000055067/2350689000000055547/2350689000000055787,"November 8, 2024 4:07 AM (EST)",-,-,-,-,-,-,-,-,-,-,-
2350689000000055300,HI2-T62,HI2-T34,Yes,ACA,On Hold,08:00,High,"""HR Implementation Plan"",""Training"",""Compliance"",""On Hold"",""Upcoming""","The ACA task is part of the HR Implementation Plan and is currently on hold. It is a critical task related to mandated training focusing on time, leave, and wages, with a scheduled start date of January 11, 2024, and a due date of October 18, 2024. The task is overseen by Cody Rice-Velasquez and is categorized under the Audits project group.",03. Mandated Training & Labor Compliance,"October 18, 2024 9:00 AM (EDT)","October 18, 2024 6:00 PM (EDT)",QHR FMLA and Wage Compliance Team,1,0,Cody Rice-Velasquez,-,days,0:00,00:00,Billable,"Mandated Training (e.g., OSHA, Safety)",Upcoming,,,,"January 11, 2024 12:00 AM (EST)","November 30, 2024 12:00 AM (EST)",HR Implementation Plan,2350689000000131183,"Training: Time, Leave & Wages",2350689000000056000,Cody Rice-Velasquez,Audits,0:00,0:00,,0,hrs,Independent Tasks,00:00,QU-5,Active,https://projects.zoho.com/portal/download/qhrpeople#task/2350689000000055067/2350689000000055547/2350689000000055771,"November 8, 2024 4:07 AM (EST)",-,-,-,-,-,-,-,-,-,-,-
2350689000000055300,HI2-T62,HI2-T26,No,FMLA,On Hold,08:00,High,"""FMLA"",""HR Implementation Plan"",""Training"",""Compliance"",""Audits"",""On Hold"",""Active""","The task involves the implementation of FMLA training as part of the HR Implementation Plan. It is currently on hold and is categorized under the QHR FMLA and Wage Compliance Team. The training is critical to ensuring compliance with mandated regulations regarding time, leave, and wages.",03. Mandated Training & Labor Compliance,"August 10, 2024 9:00 AM (EDT)","August 10, 2024 6:00 PM (EDT)",QHR FMLA and Wage Compliance Team,1,0,Cody Rice-Velasquez,-,days,0:00,00:00,Billable,"Mandated Training (e.g., OSHA, Safety)",Overdue,,,,"January 11, 2024 12:00 AM (EST)","November 30, 2024 12:00 AM (EST)",HR Implementation Plan,2350689000000131183,"Training: Time, Leave & Wages",2350689000000056000,Cody Rice-Velasquez,Audits,0:00,0:00,,0,hrs,Independent Tasks,00:00,QU-5,Active,https://projects.zoho.com/portal/download/qhrpeople#task/2350689000000055067/2350689000000055547/2350689000000055707,"November 8, 2024 4:04 AM (EST)",-,-,-,-,-,-,-,-,-,-,-
2350689000000055300,HI2-T62,HI2-T33,Yes,FLSA,On Hold,00:00,High,"""FLSA"", ""QHR"", ""FMLA"", ""Wage Compliance"", ""Training"", ""HR Implementation Plan"", ""Active"", ""Audits""","This task involves the development and implementation of mandated training related to FLSA (Fair Labor Standards Act) compliance. It is currently on hold, with a critical status indicating its importance within the HR Implementation Plan. The task is scheduled to begin on January 11, 2024, and is due by October 10, 2024, with no billable hours logged to date.",03. Mandated Training & Labor Compliance,"October 10, 2024 9:00 AM (EDT)","October 10, 2024 6:00 PM (EDT)",QHR FMLA and Wage Compliance Team,1,0,Cody Rice-Velasquez,-,days,0:00,00:00,Billable,"Mandated Training (e.g., OSHA, Safety)",Overdue,,,,"January 11, 2024 12:00 AM (EST)","November 30, 2024 12:00 AM (EST)",HR Implementation Plan,2350689000000131183,"Training: Time, Leave & Wages",2350689000000056000,Cody Rice-Velasquez,Audits,0:00,0:00,,0,hrs,Independent Tasks,00:00,QU-5,Active,https://projects.zoho.com/portal/download/qhrpeople#task/2350689000000055067/2350689000000055547/2350689000000055763,"November 8, 2024 4:07 AM (EST)",-,-,-,-,-,-,-,-,-,-,-
2350689000000055300,-,HI2-T22,Yes,Develop Training Content for Each Mandated Topic,In Progress,240:00,High,"""Training"",""HR"",""Development"",""Compliance"",""Project Management""","This task involves developing comprehensive training content for each mandated topic within the HR Implementation Plan. The HR Implementation Team, led by Cody Rice-Velasquez, is currently working on this task, which is critical and scheduled to start on January 10, 2024, and conclude by December 31, 2024. The task is marked as ""In Progress"" with no hours logged yet, indicating the need for focused efforts to ensure timely completion.",03. Mandated Training & Labor Compliance,"January 10, 2024 9:00 AM (EST)","December 31, 2024 6:00 PM (EST)",HR Implementation Team,92,0,Cody Rice-Velasquez,-,days,0:00,00:00,Billable,"Mandated Training (e.g., OSHA, Safety)",In Progress,,,,"January 11, 2024 12:00 AM (EST)","November 30, 2024 12:00 AM (EST)",HR Implementation Plan,-,,2350689000000056000,Cody Rice-Velasquez,Audits,0:00,0:00,,0,hrs,Independent Tasks,00:00,QU-5,Active,https://projects.zoho.com/portal/download/qhrpeople#task/2350689000000055067/2350689000000055547/2350689000000055671,"November 8, 2024 4:02 AM (EST)",-,-,-,-,-,-,-,-,-,-,-
2350689000000055300,HI2-T22,HI2-T62,No,"Training: Time, Leave & Wages",In Progress,08:00,High,"""Training"",""Time Management"",""Leave Policies"",""Wages Compliance"",""HR Implementation""","This task involves the development of training content for mandated topics related to Time, Leave, and Wages. It is currently in progress under the oversight of Cody Rice-Velasquez, with a scheduled completion date of July 10, 2024. The task is part of the HR Implementation Plan and is categorized as an independent task within the Audits project group.",03. Mandated Training & Labor Compliance,"July 10, 2024 9:00 AM (EDT)","July 10, 2024 6:00 PM (EDT)","QHR FMLA and Wage Compliance Team, Workers Comp and Safety Team",1,0,Cody Rice-Velasquez,-,days,0:00,00:00,Billable,"Mandated Training (e.g., OSHA, Safety)",Overdue,,,,"January 11, 2024 12:00 AM (EST)","November 30, 2024 12:00 AM (EST)",HR Implementation Plan,2350689000000055671,Develop Training Content for Each Mandated Topic,2350689000000131000,Cody Rice-Velasquez,Audits,0:00,0:00,,0,hrs,Independent Tasks,00:00,QU-5,Active,https://projects.zoho.com/portal/download/qhrpeople#task/2350689000000055067/2350689000000055547/2350689000000131183,"August 26, 2024 8:42 PM (EDT)",-,-,-,-,-,-,-,-,-,-,-
2350689000000056000,-,HI2-T17,Yes,Hiring and Termination Processes and Procedures,In Progress,00:00,High,"""Hiring"",""Termination"",""HR Implementation"",""Job Descriptions"",""Templates"",""In Progress"",""Active""","This task involves developing comprehensive job descriptions and posting templates for the HR Implementation Plan. It is critical and currently in progress, with a due date of November 30, 2024. The task is managed by Cody Rice-Velasquez and relies on collaboration between the InnovaHire Team and the HR Implementation Team.","04. Performance, Attendance and Labor Laws (Payroll)","November 1, 2024","November 30, 2024","InnovaHire Team, HR Implementation Team",-,0,Cody Rice-Velasquez,-,days,0:00,00:00,Billable,Develop Job Descriptions and Posting Templates,-,,,,"November 8, 2024 12:00 AM (EST)","November 8, 2024 11:59 PM (EST)",HR Implementation Plan,-,,2350689000000056000,Cody Rice-Velasquez,Audits,0:00,0:00,,0,hrs,Independent Tasks,,QU-5,Active,https://projects.zoho.com/portal/download/qhrpeople#task/2350689000000055067/2350689000000055611/2350689000000055631,"November 8, 2024 4:01 AM (EST)",-,-,-,-,-,-,-,-,-,-,-
2350689000000056000,-,HI2-T16,No,Create Policy,On Hold,00:00,Medium,"""Create Policy"",""InnovaHire Team"",""HR Implementation Plan"",""Job Descriptions"",""Job Postings"",""On Hold""","This task involves creating a comprehensive policy for the HR Implementation Plan, specifically focusing on developing job descriptions and posting templates. The task is currently on hold and is scheduled to start on November 1, 2024, with a due date of November 30, 2024. It is part of the Audits project group and is categorized as an independent task with no billable hours associated.","04. Performance, Attendance and Labor Laws (Payroll)","November 1, 2024","November 30, 2024",InnovaHire Team,-,0,Cody Rice-Velasquez,-,days,0:00,00:00,Billable,Develop Job Descriptions and Posting Templates,-,,,,"November 8, 2024 12:00 AM (EST)","November 8, 2024 11:59 PM (EST)",HR Implementation Plan,-,,2350689000000056000,Cody Rice-Velasquez,Audits,0:00,0:00,,0,hrs,Independent Tasks,,QU-5,Active,https://projects.zoho.com/portal/download/qhrpeople#task/2350689000000055067/2350689000000055611/2350689000000055623,"November 8, 2024 4:00 AM (EST)",-,-,-,-,-,-,-,-,-,-,-
2350689000000056000,-,HI2-T15,Yes,Implement Applicant Tracking System,In Progress,72:00,High,"""Applicant Tracking System"",""HR Implementation"",""Job Descriptions"",""Recruitment"",""In Progress""","This task involves implementing an Applicant Tracking System (ATS) as part of the HR Implementation Plan. The InnovaHire Team, led by Cody Rice-Velasquez, is responsible for developing job descriptions and posting templates. The task is currently in progress, with a due date set for November 30, 2024, and is classified as a critical and independent task.","04. Performance, Attendance and Labor Laws (Payroll)","November 1, 2024","November 30, 2024",InnovaHire Team,-,0,Cody Rice-Velasquez,-,days,0:00,00:00,Billable,Develop Job Descriptions and Posting Templates,-,,,,"November 8, 2024 12:00 AM (EST)","November 8, 2024 11:59 PM (EST)",HR Implementation Plan,-,,2350689000000056000,Cody Rice-Velasquez,Audits,0:00,0:00,,0,hrs,Independent Tasks,,QU-5,Active,https://projects.zoho.com/portal/download/qhrpeople#task/2350689000000055067/2350689000000055611/2350689000000055615,"November 8, 2024 4:00 AM (EST)",-,-,-,-,-,-,-,-,-,-,-
2350689000000056000,-,HI2-T14,No,Report,On Hold,00:00,Medium,"""HR Implementation"",""Insurance"",""Benefits"",""Employee Programs"",""Compliance"",""Management""","This task involves the administration of insurance and benefits as part of the HR Implementation Plan. Currently on hold, the task is owned by Cody Rice-Velasquez and has a scheduled phase start on November 8, 2024. It is classified as an independent task within the Audits project group, with zero billable hours logged to date.",05. Insurance and Benefits Options,"November 1, 2024","November 30, 2024",Benefits Tean,-,0,Cody Rice-Velasquez,-,days,0:00,00:00,Billable,Insurance and Benefits Administration,-,,,,"November 8, 2024 12:00 AM (EST)","November 8, 2024 11:59 PM (EST)",HR Implementation Plan,-,,2350689000000056000,Cody Rice-Velasquez,Audits,0:00,0:00,,0,hrs,Independent Tasks,,QU-5,Active,https://projects.zoho.com/portal/download/qhrpeople#task/2350689000000055067/2350689000000055591/2350689000000055603,"November 8, 2024 3:59 AM (EST)",-,-,-,-,-,-,-,-,-,-,-
2350689000000056000,-,HI2-T13,No,Develop and Communicate Benefits Packages to Employees,In Progress,72:00,High,"""Benefits"",""Employee Communication"",""HR"",""Insurance"",""Project Management""",This task involves developing and communicating comprehensive benefits packages to employees. It aims to ensure that all team members are well-informed about their benefits and can make the best use of them. The task is currently in progress and is a critical component of the HR Implementation Plan.,05. Insurance and Benefits Options,"November 1, 2024","November 30, 2024",Benefits Tean,-,0,Cody Rice-Velasquez,-,days,0:00,00:00,Billable,Insurance and Benefits Administration,-,,,,"November 8, 2024 12:00 AM (EST)","November 8, 2024 11:59 PM (EST)",HR Implementation Plan,-,,2350689000000056000,Cody Rice-Velasquez,Audits,0:00,0:00,,0,hrs,Independent Tasks,,QU-5,Active,https://projects.zoho.com/portal/download/qhrpeople#task/2350689000000055067/2350689000000055591/2350689000000055595,"November 8, 2024 3:59 AM (EST)",-,-,-,-,-,-,-,-,-,-,-
2350689000000056000,-,HI2-T12,No,Report,On Hold,00:00,High,"""Government Filings"",""Reporting"",""HR Implementation"",""Compliance"",""Audits""","This task involves the preparation and submission of government filings and reports as part of the HR Implementation Plan. Currently on hold, the task is assigned to Cody Rice-Velasquez and is scheduled to start on November 1, 2024. The task is independent and falls under the Audits project group, with a focus on ensuring compliance with regulatory requirements.","06. Finalize Implementation, Report, Review","November 1, 2024","November 30, 2024",HR Implementation Team,-,0,Cody Rice-Velasquez,-,days,0:00,00:00,Billable,Government Filings and Reporting,-,,,,"November 8, 2024 12:00 AM (EST)","November 8, 2024 11:59 PM (EST)",HR Implementation Plan,-,,2350689000000056000,Cody Rice-Velasquez,Audits,0:00,0:00,,0,hrs,Independent Tasks,,QU-5,Active,https://projects.zoho.com/portal/download/qhrpeople#task/2350689000000055067/2350689000000055563/2350689000000055583,"November 8, 2024 3:59 AM (EST)",-,-,-,-,-,-,-,-,-,-,-
2350689000000056000,-,HI2-T11,No,Document Filing Procedures and Deadlines,In Progress,08:00,High,"""Document Filing"",""HR Implementation"",""Deadlines"",""Government Filings"",""Audits"",""In Progress"",""Active""","This task involves filing necessary government documentation as part of the HR Implementation Plan, with a current status of ""In Progress"" and a due date of November 30, 2024. The task is critical for compliance and requires collaboration with the HR Implementation Team to ensure all filings are completed accurately and on time.","06. Finalize Implementation, Report, Review","November 1, 2024","November 30, 2024",HR Implementation Team,1,0,Cody Rice-Velasquez,-,days,0:00,00:00,Billable,Government Filings and Reporting,Overdue,,,,"November 8, 2024 12:00 AM (EST)","November 8, 2024 11:59 PM (EST)",HR Implementation Plan,-,,2350689000000056000,Cody Rice-Velasquez,Audits,0:00,0:00,,0,hrs,Independent Tasks,00:00,QU-5,Active,https://projects.zoho.com/portal/download/qhrpeople#task/2350689000000055067/2350689000000055563/2350689000000055575,"November 8, 2024 3:58 AM (EST)",-,-,-,-,-,-,-,-,-,-,-
2350689000000056000,-,HI2-T10,Yes,Identify Required Government Filings,In Progress,72:00,High,"""Government Filings"", ""Compliance"", ""HR Implementation"", ""Regulations"", ""Stakeholder Collaboration"", ""Audits""","This task involves identifying the necessary government filings required for the HR Implementation Plan. The HR Implementation Team, led by Cody Rice-Velasquez, is currently working on this critical task, which is in progress and due by November 30, 2024. The task is deemed independent and is essential for compliance within the project timeline.","06. Finalize Implementation, Report, Review","November 1, 2024","November 30, 2024",HR Implementation Team,-,0,Cody Rice-Velasquez,-,days,0:00,00:00,Billable,Government Filings and Reporting,-,,,,"November 8, 2024 12:00 AM (EST)","November 8, 2024 11:59 PM (EST)",HR Implementation Plan,-,,2350689000000056000,Cody Rice-Velasquez,Audits,0:00,0:00,,0,hrs,Independent Tasks,,QU-5,Active,https://projects.zoho.com/portal/download/qhrpeople#task/2350689000000055067/2350689000000055563/2350689000000055567,"November 8, 2024 3:58 AM (EST)",-,-,-,-,-,-,-,-,-,-,-
2350689000000056000,HI2-T10,HI2-T79,Yes,BOIR,Verification,00:00,High,"""Government Filings"",""Compliance"",""HR Implementation"",""Verification"",""Active"",""Cody Rice-Velasquez""","This task involves the verification process related to the HR Implementation Plan, specifically focusing on identifying required government filings. The task is critical and operates independently within the project timeline, starting on November 1, 2024, and concluding by November 30, 2024. The responsible owner is Cody Rice-Velasquez, and the associated team is the I9 Compliance Team.","06. Finalize Implementation, Report, Review","November 1, 2024","November 30, 2024",I9 Compliance Team,-,0,Cody Rice-Velasquez,-,days,0:00,00:00,Billable,Government Filings and Reporting,-,,,,"November 8, 2024 12:00 AM (EST)","November 8, 2024 11:59 PM (EST)",HR Implementation Plan,2350689000000055567,Identify Required Government Filings,2350689000000278000,Cody Rice-Velasquez,Audits,0:00,0:00,,0,hrs,Independent Tasks,00:00,QU-5,Active,https://projects.zoho.com/portal/download/qhrpeople#task/2350689000000055067/2350689000000055563/2350689000000278019,"September 26, 2024 9:53 PM (EDT)",-,-,-,-,-,-,-,-,-,-,-
2350689000000056000,-,HI2-T68,No,Identify Process Gaps,On Hold,00:00,Medium,"""Identify Process Gaps"",""HR Implementation"",""Cody Rice-Velasquez"",""On Hold"",""November 2024"",""Hiring and Recruitment"",""Active""","The task ""Identify Process Gaps"" involves assessing the current hiring and recruitment processes within the HR Implementation Plan. This task is critical for identifying inefficiencies and areas for improvement, ensuring a streamlined approach to recruitment. Currently, it is on hold, with a planned duration of 30 days, starting November 1, 2024, and due by November 30, 2024.","04. Performance, Attendance and Labor Laws (Payroll)","November 1, 2024","November 30, 2024",HR Implementation Team,-,0,Cody Rice-Velasquez,-,days,0:00,00:00,Billable,Hiring and Recruitment Processes,-,,,,"November 8, 2024 12:00 AM (EST)","November 8, 2024 11:59 PM (EST)",HR Implementation Plan,-,,2350689000000131600,Cody Rice-Velasquez,Audits,0:00,0:00,,0,hrs,Independent Tasks,,QU-5,Active,https://projects.zoho.com/portal/download/qhrpeople#task/2350689000000055067/2350689000000055559/2350689000000131477,"August 26, 2024 8:55 PM (EDT)",-,-,-,-,-,-,-,-,-,-,-
2350689000000056000,-,HI2-T69,No,Propose Hiring and Recruitment Procedures,In Progress,00:00,High,"""Hiring"",""Recruitment"",""HR"",""Implementation"",""Project Management"",""In Progress""","The task involves proposing hiring and recruitment procedures as part of the HR Implementation Plan. It is currently in progress and is assigned to the HR Implementation Team, led by Cody Rice-Velasquez. The task is scheduled to begin on November 1, 2024, and is due by November 30, 2024, with an emphasis on developing effective processes to enhance recruitment efforts.","04. Performance, Attendance and Labor Laws (Payroll)","November 1, 2024","November 30, 2024",HR Implementation Team,-,0,Cody Rice-Velasquez,-,days,0:00,00:00,Billable,Hiring and Recruitment Processes,-,,,,"November 8, 2024 12:00 AM (EST)","November 8, 2024 11:59 PM (EST)",HR Implementation Plan,-,,2350689000000131600,Cody Rice-Velasquez,Audits,0:00,0:00,,0,hrs,Independent Tasks,,QU-5,Active,https://projects.zoho.com/portal/download/qhrpeople#task/2350689000000055067/2350689000000055559/2350689000000131485,"August 26, 2024 8:55 PM (EDT)",-,-,-,-,-,-,-,-,-,-,-
2350689000000056000,-,HI2-T70,No,Offer InnovaHire Service,In Review,00:00,Low,"""Offer"",""InnovaHire"",""HR Implementation"",""Recruitment"",""Active""","The task involves offering the InnovaHire service as part of the HR Implementation Plan. It is currently in the review phase and aims to enhance hiring and recruitment processes. The task is assigned to the InnovaHire Team and is expected to be completed by November 30, 2024.","04. Performance, Attendance and Labor Laws (Payroll)","November 1, 2024","November 30, 2024","InnovaHire Team, Workers Comp and Safety Team",-,0,Cody Rice-Velasquez,-,days,0:00,00:00,Billable,Hiring and Recruitment Processes,-,,,,"November 8, 2024 12:00 AM (EST)","November 8, 2024 11:59 PM (EST)",HR Implementation Plan,-,,2350689000000131600,Cody Rice-Velasquez,Audits,0:00,0:00,,0,hrs,Independent Tasks,,QU-5,Active,https://projects.zoho.com/portal/download/qhrpeople#task/2350689000000055067/2350689000000055559/2350689000000131493,"August 26, 2024 8:55 PM (EDT)",-,-,-,-,-,-,-,-,-,-,-
2350689000000056000,-,HI2-T45,No,Make Corrections,On Hold,240:00,Medium,"""Corrections"",""I9 Compliance"",""HR Implementation"",""Audit"",""Active""","This task involves making corrections as part of the I9 Audit and Compliance project. It is currently on hold, with a start date of January 10, 2024, and a due date set for October 31, 2024. The task is managed by Cody Rice-Velasquez and is categorized as an independent task within the active HR Implementation Plan project.",02. Document Compliance & Training,"January 10, 2024 9:00 AM (EST)","October 31, 2024 6:00 PM (EDT)",I9 Compliance Team,31,0,Cody Rice-Velasquez,-,days,0:00,00:00,Billable,I9 Audit and Compliance,In Progress,,,,"November 8, 2024 12:00 AM (EST)","November 8, 2024 11:59 PM (EST)",HR Implementation Plan,-,,2350689000000131000,Cody Rice-Velasquez,Audits,0:00,0:00,,0,hrs,Independent Tasks,00:00,QU-5,Active,https://projects.zoho.com/portal/download/qhrpeople#task/2350689000000055067/2350689000000055695/2350689000000131033,"August 26, 2024 8:36 PM (EDT)",-,-,-,-,-,-,-,-,-,-,-
2350689000000056000,-,HI2-T43,Yes,Identify Compliance Gaps,In Progress,08:00,High,"""I9 Compliance"",""Audit"",""HR Implementation"",""In Progress"",""Active"",""Critical Task""","The task involves identifying compliance gaps related to I9 regulations as part of the HR Implementation Plan. It is assigned to the I9 Compliance Team and HR Implementation Team, with Cody Rice-Velasquez as the owner. The task is currently in progress and is critical, with a due date set for September 27, 2024. The task is categorized under audits and is marked as overdue.",02. Document Compliance & Training,"September 27, 2024 9:00 AM (EDT)","September 27, 2024 6:00 PM (EDT)","I9 Compliance Team, HR Implementation Team",1,0,Cody Rice-Velasquez,-,days,0:00,00:00,Billable,I9 Audit and Compliance,Overdue,,,,"November 8, 2024 12:00 AM (EST)","November 8, 2024 11:59 PM (EST)",HR Implementation Plan,-,,2350689000000131000,Cody Rice-Velasquez,Audits,0:00,0:00,,0,hrs,Independent Tasks,00:00,QU-5,Active,https://projects.zoho.com/portal/download/qhrpeople#task/2350689000000055067/2350689000000055695/2350689000000131017,"August 26, 2024 8:35 PM (EDT)",-,-,-,-,-,-,-,-,-,-,-
2350689000000056000,-,HI2-T48,Yes,Create Procedure and Policy,In Progress,240:00,High,"""Procedure"",""Policy"",""HR Implementation"",""Documentation"",""In Progress"",""Cody Rice-Velasquez""","This task involves creating procedures and policies as part of the HR Implementation Plan. It is currently in progress and is designated as a critical task with a focus on employee documentation management. The task is scheduled to be completed by October 31, 2024, and is independent of other tasks.",02. Document Compliance & Training,"February 10, 2024 9:00 AM (EST)","October 31, 2024 6:00 PM (EDT)",Not Associated,30,0,Cody Rice-Velasquez,-,days,0:00,00:00,Billable,Employee Documentation Management,In Progress,,,,"November 8, 2024 12:00 AM (EST)","November 8, 2024 11:59 PM (EST)",HR Implementation Plan,-,,2350689000000131000,Cody Rice-Velasquez,Audits,0:00,0:00,,0,hrs,Independent Tasks,00:00,QU-5,Active,https://projects.zoho.com/portal/download/qhrpeople#task/2350689000000055067/2350689000000055555/2350689000000131057,"August 26, 2024 8:36 PM (EDT)",-,-,-,-,-,-,-,-,-,-,-
2350689000000056000,HI2-T48,HI2-T49,No,Implement and Make Corrections,In Progress,00:00,High,"""HR Implementation"",""Employee Documentation Management"",""In Progress"",""Cody Rice-Velasquez"",""Audits"",""Active""","This task involves implementing and making necessary corrections within the Employee Documentation Management framework as part of the HR Implementation Plan. It is currently in progress, with a focus on ensuring that all procedures and policies are updated and accurate before the due date.",02. Document Compliance & Training,"September 24, 2024 9:00 AM (EDT)","July 11, 2024 6:00 PM (EDT)",Not Associated,45,0,Cody Rice-Velasquez,-,days,0:00,00:00,Billable,Employee Documentation Management,In Progress,,,,"November 8, 2024 12:00 AM (EST)","November 8, 2024 11:59 PM (EST)",HR Implementation Plan,2350689000000131057,Create Procedure and Policy,2350689000000131000,Cody Rice-Velasquez,Audits,0:00,0:00,,0,hrs,Independent Tasks,00:00,QU-5,Active,https://projects.zoho.com/portal/download/qhrpeople#task/2350689000000055067/2350689000000055555/2350689000000131065,"August 26, 2024 8:36 PM (EDT)",-,-,-,-,-,-,-,-,-,-,-
2350689000000056000,HI2-T47,HI2-T57,Yes,"Separate HR Folder (Coaching's, Performance ect.)",In Progress,120:00,High,"""HR"",""Coaching"",""Performance"",""Employee Documentation"",""Compliance"",""Implementation Plan"",""Active""","This task involves the creation of a separate HR folder focusing on coaching, performance, and related documentation. It is currently in progress and is critical to the overall HR Implementation Plan, with a due date set for October 31, 2024. The task is independent, and no billable hours have been logged yet.",02. Document Compliance & Training,"October 27, 2024 9:00 AM (EDT)","October 31, 2024 6:00 PM (EDT)",Not Associated,5,0,Cody Rice-Velasquez,-,days,0:00,00:00,Billable,Employee Documentation Management,Upcoming,,,,"November 8, 2024 12:00 AM (EST)","November 8, 2024 11:59 PM (EST)",HR Implementation Plan,2350689000000131049,Confirm Compliance,2350689000000131000,Cody Rice-Velasquez,Audits,0:00,0:00,,0,hrs,Independent Tasks,00:00,QU-5,Active,https://projects.zoho.com/portal/download/qhrpeople#task/2350689000000055067/2350689000000055555/2350689000000131133,"August 26, 2024 8:39 PM (EDT)",-,-,-,-,-,-,-,-,-,-,-
2350689000000056000,HI2-T47,HI2-T56,Yes,Employee Handbook Acknoledgement,In Progress,00:00,High,"""Employee Handbook"",""Acknowledgement"",""HR Implementation"",""Compliance"",""Audits"",""Active""","The task involves acknowledging the employee handbook as part of the HR Implementation Plan. It is a critical task with a duration of 7 days, scheduled to start on November 17, 2024, and due by November 23, 2024. The task is currently in progress and is essential for ensuring compliance within the organization.",02. Document Compliance & Training,"November 17, 2024 9:00 AM (EST)","November 23, 2024 6:00 PM (EST)",Not Associated,7,0,Cody Rice-Velasquez,-,days,0:00,00:00,Billable,Employee Documentation Management,Upcoming,,,,"November 8, 2024 12:00 AM (EST)","November 8, 2024 11:59 PM (EST)",HR Implementation Plan,2350689000000131049,Confirm Compliance,2350689000000131000,Cody Rice-Velasquez,Audits,0:00,0:00,,0,hrs,Independent Tasks,00:00,QU-5,Active,https://projects.zoho.com/portal/download/qhrpeople#task/2350689000000055067/2350689000000055555/2350689000000131125,"August 26, 2024 8:39 PM (EDT)",-,-,-,-,-,-,-,-,-,-,-
2350689000000056000,HI2-T47,HI2-T55,No,Consent Forms,In Progress,240:00,Medium,"""Consent Forms"",""Employee Documentation Management"",""HR Implementation Plan"",""Audits"",""In Progress"",""Active""","This task involves the preparation and management of consent forms as part of the HR Implementation Plan. It is currently in progress and is designated as an independent task within the Employee Documentation Management task list. The task is scheduled to start on October 17, 2024, and is due by November 22, 2024.",02. Document Compliance & Training,"October 17, 2024 9:00 AM (EDT)","November 22, 2024 6:00 PM (EST)",Not Associated,37,0,Cody Rice-Velasquez,-,days,0:00,00:00,Billable,Employee Documentation Management,Upcoming,,,,"November 8, 2024 12:00 AM (EST)","November 8, 2024 11:59 PM (EST)",HR Implementation Plan,2350689000000131049,Confirm Compliance,2350689000000131000,Cody Rice-Velasquez,Audits,0:00,0:00,,0,hrs,Independent Tasks,00:00,QU-5,Active,https://projects.zoho.com/portal/download/qhrpeople#task/2350689000000055067/2350689000000055555/2350689000000131117,"August 26, 2024 8:39 PM (EDT)",-,-,-,-,-,-,-,-,-,-,-
2350689000000056000,-,HI2-T47,Yes,Confirm Compliance,On Hold,240:00,High,"""Compliance"",""HR"",""Documentation"",""Employee Management"",""Audit"",""Active""","This task involves confirming compliance as part of the HR Implementation Plan. It is currently on hold and has a critical status, indicating its high priority. The task is set to start on December 10, 2024, and is due by December 31, 2024. It requires close attention to detail to ensure all employee documentation meets compliance standards.",02. Document Compliance & Training,"December 10, 2024 9:00 AM (EST)","December 31, 2024 6:00 PM (EST)",Not Associated,81,0,Cody Rice-Velasquez,-,days,0:00,00:00,Billable,Employee Documentation Management,In Progress,,,,"November 8, 2024 12:00 AM (EST)","November 8, 2024 11:59 PM (EST)",HR Implementation Plan,-,,2350689000000131000,Cody Rice-Velasquez,Audits,0:00,0:00,,0,hrs,Independent Tasks,00:00,QU-5,Active,https://projects.zoho.com/portal/download/qhrpeople#task/2350689000000055067/2350689000000055555/2350689000000131049,"August 26, 2024 8:36 PM (EDT)",-,-,-,-,-,-,-,-,-,-,-
2350689000000056000,HI2-T47,HI2-T54,Yes,EEO Forms,In Progress,240:00,High,"""EEO Forms"",""HR Implementation"",""Compliance"",""Documentation"",""Active"",""Cody Rice-Velasquez"",""Audits""","This task involves the completion of EEO Forms as part of the HR Implementation Plan. It is currently in progress, with a focus on ensuring compliance and documentation management. The task is critical and scheduled to be completed by November 30, 2024.",02. Document Compliance & Training,"October 23, 2024 9:00 AM (EDT)","November 30, 2024 6:00 PM (EST)",Not Associated,39,0,Cody Rice-Velasquez,-,days,0:00,00:00,Billable,Employee Documentation Management,Upcoming,,,,"November 8, 2024 12:00 AM (EST)","November 8, 2024 11:59 PM (EST)",HR Implementation Plan,2350689000000131049,Confirm Compliance,2350689000000131000,Cody Rice-Velasquez,Audits,0:00,0:00,,0,hrs,Independent Tasks,00:00,QU-5,Active,https://projects.zoho.com/portal/download/qhrpeople#task/2350689000000055067/2350689000000055555/2350689000000131109,"August 26, 2024 8:38 PM (EDT)",-,-,-,-,-,-,-,-,-,-,-
2350689000000131000,HI2-T51,HI2-T77,Yes,Policies: BGCK Procedures,On Hold,00:00,High,"""HR"",""Policies"",""Employee Handbook"",""Cody Rice-Velasquez"",""Active"",""On Hold""","This task involves updating and proposing revisions to the employee handbook and policies as part of the HR Implementation Plan. The project is currently on hold, with a critical status indicating its importance. The task has not yet begun, as indicated by a 0% completion rate and no logged hours.",02. Document Compliance & Training,,,Not Associated,-,0,Cody Rice-Velasquez,-,days,0:00,00:00,Billable,Employee Handbook & Policies,-,,,,"November 8, 2024 12:00 AM (EST)","November 8, 2024 11:59 PM (EST)",HR Implementation Plan,2350689000000131085,Update and propose updated handbook and policies,2350689000000131600,Cody Rice-Velasquez,Audits,0:00,0:00,,0,hrs,Independent Tasks,,QU-5,Active,https://projects.zoho.com/portal/download/qhrpeople#task/2350689000000055067/2350689000000131073/2350689000000131673,"August 26, 2024 9:09 PM (EDT)",-,-,-,-,-,-,-,-,-,-,-
2350689000000131000,HI2-T60,HI2-T61,No,2.4.2 Reporting Procedures,In Review,240:00,Medium,"""HR Implementation"",""Reporting Procedures"",""Policies"",""Employee Handbook"",""In Review""","The task involves developing and finalizing the reporting procedures for the Employee Handbook and Policies, specifically focusing on the Anti-Discrimination and Harassment Policy. It is currently under review and is scheduled to take place over a duration of 30 days, starting on January 11, 2024, and is due by November 30, 2024. The task is critical for ensuring compliance and fostering a safe work environment.",02. Document Compliance & Training,"January 11, 2024 9:00 AM (EST)","November 30, 2024 6:00 PM (EST)",Not Associated,30,0,Cody Rice-Velasquez,-,days,0:00,00:00,Billable,Employee Handbook & Policies,Upcoming,,,,"November 8, 2024 12:00 AM (EST)","November 8, 2024 11:59 PM (EST)",HR Implementation Plan,2350689000000131163,Policies: 2.4 Anti-Discrimination and Harassment Policy*,2350689000000131000,Cody Rice-Velasquez,Audits,0:00,0:00,,0,hrs,Independent Tasks,00:00,QU-5,Active,https://projects.zoho.com/portal/download/qhrpeople#task/2350689000000055067/2350689000000131073/2350689000000131171,"August 26, 2024 8:41 PM (EDT)",-,-,-,-,-,-,-,-,-,-,-
2350689000000131000,HI2-T51,HI2-T60,Yes,Policies: 2.4 Anti-Discrimination and Harassment Policy*,In Review,08:00,High,"""Anti-Discrimination"",""Harassment"",""HR Policies"",""Employee Handbook"",""Review""","This task involves reviewing and updating the Anti-Discrimination and Harassment Policy as part of the HR Implementation Plan. The policy is currently in review status and is critical to the employee handbook, with a due date set for October 27, 2024. The owner, Cody Rice-Velasquez, will oversee the task, which is classified as an independent task within the audits project group.",02. Document Compliance & Training,"October 27, 2024 9:00 AM (EDT)","October 27, 2024 6:00 PM (EDT)",HR Implementation Team,1,0,Cody Rice-Velasquez,-,days,0:00,00:00,Billable,Employee Handbook & Policies,Upcoming,,,,"November 8, 2024 12:00 AM (EST)","November 8, 2024 11:59 PM (EST)",HR Implementation Plan,2350689000000131085,Update and propose updated handbook and policies,2350689000000131000,Cody Rice-Velasquez,Audits,0:00,0:00,,0,hrs,Independent Tasks,00:00,QU-5,Active,https://projects.zoho.com/portal/download/qhrpeople#task/2350689000000055067/2350689000000131073/2350689000000131163,"August 26, 2024 8:41 PM (EDT)",-,-,-,-,-,-,-,-,-,-,-
2350689000000131000,HI2-T51,HI2-T59,Yes,Policies: Americans with Disabilities (Reasonable Accommodation Procedure),In Review,08:00,High,"""Americans with Disabilities"",""Reasonable Accommodation"",""HR Implementation"",""Policies"",""Employee Handbook"",""In Review""","This task involves reviewing and proposing updates to the Americans with Disabilities Reasonable Accommodation Procedure as part of the HR Implementation Plan. The task has a critical priority level and is currently under review, with a planned start date of October 27, 2024, and a corresponding phase start date on November 8, 2024.",02. Document Compliance & Training,"October 27, 2024 9:00 AM (EDT)","October 27, 2024 6:00 PM (EDT)",HR Implementation Team,1,0,Cody Rice-Velasquez,-,days,0:00,00:00,Billable,Employee Handbook & Policies,Upcoming,,,,"November 8, 2024 12:00 AM (EST)","November 8, 2024 11:59 PM (EST)",HR Implementation Plan,2350689000000131085,Update and propose updated handbook and policies,2350689000000131000,Cody Rice-Velasquez,Audits,0:00,0:00,,0,hrs,Independent Tasks,00:00,QU-5,Active,https://projects.zoho.com/portal/download/qhrpeople#task/2350689000000055067/2350689000000131073/2350689000000131153,"August 26, 2024 8:40 PM (EDT)",-,-,-,-,-,-,-,-,-,-,-
2350689000000131000,HI2-T51,HI2-T53,Yes,Policies: Equal Employment Opportunity EEO,In Review,08:00,High,"""Equal Employment Opportunity"",""HR Policies"",""Employee Handbook"",""In Review"",""Cody Rice-Velasquez"",""Upcoming""","This task involves reviewing and proposing updates to the Equal Employment Opportunity (EEO) policies as part of the HR Implementation Plan. It is categorized as a critical task with an upcoming schedule, requiring collaboration from the HR Implementation Team. The task is currently in review and has a completion status of 0%.",02. Document Compliance & Training,"October 27, 2024 9:00 AM (EDT)","October 27, 2024 6:00 PM (EDT)",HR Implementation Team,1,0,Cody Rice-Velasquez,-,days,0:00,00:00,Billable,Employee Handbook & Policies,Upcoming,,,,"November 8, 2024 12:00 AM (EST)","November 8, 2024 11:59 PM (EST)",HR Implementation Plan,2350689000000131085,Update and propose updated handbook and policies,2350689000000131000,Cody Rice-Velasquez,Audits,0:00,0:00,,0,hrs,Independent Tasks,00:00,QU-5,Active,https://projects.zoho.com/portal/download/qhrpeople#task/2350689000000055067/2350689000000131073/2350689000000131101,"August 26, 2024 8:38 PM (EDT)",-,-,-,-,-,-,-,-,-,-,-
2350689000000131000,HI2-T51,HI2-T52,Yes,Policies: Diversity and Inclusion Policy,In Review,08:00,High,"""Diversity"",""Inclusion"",""HR"",""Policies"",""Employee Handbook"",""Review"",""Cody Rice-Velasquez""","This task involves reviewing and updating the Diversity and Inclusion Policy as part of the HR Implementation Plan. The review process is currently in progress, and it is crucial to ensure that the policy aligns with the organization's commitment to fostering a diverse and inclusive workplace. The task is critical and is scheduled to be completed by October 27, 2024.",02. Document Compliance & Training,"October 27, 2024 9:00 AM (EDT)","October 27, 2024 6:00 PM (EDT)",HR Implementation Team,1,0,Cody Rice-Velasquez,-,days,0:00,00:00,Billable,Employee Handbook & Policies,Upcoming,,,,"November 8, 2024 12:00 AM (EST)","November 8, 2024 11:59 PM (EST)",HR Implementation Plan,2350689000000131085,Update and propose updated handbook and policies,2350689000000131000,Cody Rice-Velasquez,Audits,0:00,0:00,,0,hrs,Independent Tasks,00:00,QU-5,Active,https://projects.zoho.com/portal/download/qhrpeople#task/2350689000000055067/2350689000000131073/2350689000000131093,"August 26, 2024 8:37 PM (EDT)",-,-,-,-,-,-,-,-,-,-,-
2350689000000131000,-,HI2-T50,No,Review Employee Handbook Compliance,In Progress,16:00,High,"""Employee Handbook"",""Compliance"",""HR Implementation"",""In Progress"",""Audit"",""Cody Rice-Velasquez""","The task involves reviewing the compliance of the Employee Handbook as part of the HR Implementation Plan. It is currently in progress, with a start date of January 10, 2024, and a due date of October 16, 2024. This task is independent, assigned to Cody Rice-Velasquez, and is part of a broader audit project aimed at ensuring adherence to established policies and procedures.",02. Document Compliance & Training,"January 10, 2024 9:00 AM (EST)","October 16, 2024 6:00 PM (EDT)",HR Implementation Team,16,0,Cody Rice-Velasquez,-,days,0:00,00:00,Billable,Employee Handbook & Policies,In Progress,,,,"November 8, 2024 12:00 AM (EST)","November 8, 2024 11:59 PM (EST)",HR Implementation Plan,-,,2350689000000131000,Cody Rice-Velasquez,Audits,0:00,0:00,,0,hrs,Independent Tasks,00:00,QU-5,Active,https://projects.zoho.com/portal/download/qhrpeople#task/2350689000000055067/2350689000000131073/2350689000000131077,"August 26, 2024 8:37 PM (EDT)",-,-,-,-,-,-,-,-,-,-,-
2350689000000131000,-,HI2-T51,No,Update and propose updated handbook and policies,In Progress,120:00,High,"""Update"",""Handbook"",""Policies"",""HR Implementation"",""Cody Rice-Velasquez"",""In Progress"",""Upcoming"",""Active""","The task involves updating and proposing revisions to the employee handbook and associated policies. This is an in-progress initiative led by the HR Implementation Team, with a focus on ensuring that the handbook aligns with current practices and legal requirements. The task is scheduled for completion by October 31, 2024, and is critical for maintaining compliance and employee engagement within the organization.",02. Document Compliance & Training,"October 27, 2024 9:00 AM (EDT)","October 31, 2024 6:00 PM (EDT)",HR Implementation Team,5,0,Cody Rice-Velasquez,-,days,0:00,00:00,Billable,Employee Handbook & Policies,Upcoming,,,,"November 8, 2024 12:00 AM (EST)","November 8, 2024 11:59 PM (EST)",HR Implementation Plan,-,,2350689000000131000,Cody Rice-Velasquez,Audits,0:00,0:00,,0,hrs,Independent Tasks,00:00,QU-5,Active,https://projects.zoho.com/portal/download/qhrpeople#task/2350689000000055067/2350689000000131073/2350689000000131085,"August 26, 2024 8:37 PM (EDT)",-,-,-,-,-,-,-,-,-,-,-
2350689000000131600,-,HI2-T73,No,Accounting,Open,00:00,High,"""Accounting"",""Business Gaps"",""HR Implementation"",""Active"",""Billable""","This task involves identifying business gaps related to marketing and accounting within the HR Implementation Plan project. The task is currently open, with a start date of December 1, 2024, and is scheduled to be undertaken by the SRV1 Business Team, led by Cody Rice-Velasquez. The task is critical for ensuring that all business areas are aligned and optimized for effective human resource management.","06. Finalize Implementation, Report, Review","December 1, 2024","January 1, 2025",SRV1 Business Team,-,0,Cody Rice-Velasquez,-,days,0:00,00:00,Billable,"Identify other Business Gaps, Marketing, Accounting Ect. ",-,,,,"November 8, 2024 12:00 AM (EST)","November 8, 2024 11:59 PM (EST)",HR Implementation Plan,-,,2350689000000131600,Cody Rice-Velasquez,Audits,0:00,0:00,,0,hrs,Independent Tasks,,QU-5,Active,https://projects.zoho.com/portal/download/qhrpeople#task/2350689000000055067/2350689000000131539/2350689000000131559,"August 26, 2024 8:57 PM (EDT)",-,-,-,-,-,-,-,-,-,-,-
2350689000000131600,-,HI2-T71,No,Marketing,Open,00:00,Medium,"""Marketing"",""HR Implementation"",""Business Gaps"",""Active"",""Open""","This task involves identifying business gaps across various departments such as marketing and accounting as part of the HR Implementation Plan. The team, led by Cody Rice-Velasquez, is currently in the preliminary stages of the project, which is set to start on December 1, 2024, and is expected to remain active until January 1, 2025.","06. Finalize Implementation, Report, Review","December 1, 2024","January 1, 2025",SRV1 Business Team,-,0,Cody Rice-Velasquez,-,days,0:00,00:00,Billable,"Identify other Business Gaps, Marketing, Accounting Ect. ",-,,,,"November 8, 2024 12:00 AM (EST)","November 8, 2024 11:59 PM (EST)",HR Implementation Plan,-,,2350689000000131600,Cody Rice-Velasquez,Audits,0:00,0:00,,0,hrs,Independent Tasks,,QU-5,Active,https://projects.zoho.com/portal/download/qhrpeople#task/2350689000000055067/2350689000000131539/2350689000000131543,"August 26, 2024 8:57 PM (EDT)",-,-,-,-,-,-,-,-,-,-,-
2350689000000131600,-,HI2-T72,No,Business,In Progress,00:00,High,"""Business"",""HR Implementation"",""In Progress"",""Active"",""Marketing"",""Accounting""","This task involves identifying gaps in business operations, focusing on areas such as marketing and accounting. It is part of the HR Implementation Plan and is currently in progress, aiming to enhance overall efficiency and effectiveness within the organization.","06. Finalize Implementation, Report, Review","December 1, 2024","January 1, 2025",SRV1 Business Team,-,0,Cody Rice-Velasquez,-,days,0:00,00:00,Billable,"Identify other Business Gaps, Marketing, Accounting Ect. ",-,,,,"November 8, 2024 12:00 AM (EST)","November 8, 2024 11:59 PM (EST)",HR Implementation Plan,-,,2350689000000131600,Cody Rice-Velasquez,Audits,0:00,0:00,,0,hrs,Independent Tasks,,QU-5,Active,https://projects.zoho.com/portal/download/qhrpeople#task/2350689000000055067/2350689000000131539/2350689000000131551,"August 26, 2024 8:57 PM (EDT)",-,-,-,-,-,-,-,-,-,-,-
2350689000000131600,-,HI2-T76,No,Implement,On Hold,08:00,None,"""HRIS"",""Implementation"",""InnovaFlow AIT"",""Cody Rice-Velasquez"",""On Hold"",""Audits"",""Active""","This task involves the implementation of the HRIS (Human Resource Information System) as part of the HR Implementation Plan. Currently on hold, it is scheduled to begin on October 21, 2024, with a duration of one day. The associated team is InnovaFlow AIT, and the task owner is Cody Rice-Velasquez. The project is classified as active and independent of other tasks.","06. Finalize Implementation, Report, Review","October 21, 2024 9:00 AM (EDT)","October 21, 2024 6:00 PM (EDT)",InnovaFlow AIT,1,0,Cody Rice-Velasquez,-,days,0:00,00:00,Billable,HRIS Implementation,Upcoming,,,,"November 8, 2024 12:00 AM (EST)","November 8, 2024 11:59 PM (EST)",HR Implementation Plan,-,,2350689000000131600,Cody Rice-Velasquez,Audits,0:00,0:00,,0,hrs,Independent Tasks,00:00,QU-5,Active,https://projects.zoho.com/portal/download/qhrpeople#task/2350689000000055067/2350689000000131581/2350689000000131601,"August 26, 2024 8:58 PM (EDT)",-,-,-,-,-,-,-,-,-,-,-
2350689000000131600,-,HI2-T75,No,Propose Solutions,Verification,240:00,High,"""HRIS"",""Implementation"",""InnovaFlow AIT"",""Cody Rice-Velasquez"",""Verification"",""Active"",""Overdue"",""Audits""","This task involves proposing solutions for the HRIS implementation project, which is currently in the verification stage. The task is overseen by Cody Rice-Velasquez and is critical to the overall HR Implementation Plan. It is overdue and requires immediate attention to ensure timely completion by the due date of October 15, 2024.","06. Finalize Implementation, Report, Review","January 9, 2024 9:00 AM (EST)","October 15, 2024 6:00 PM (EDT)",InnovaFlow AIT,45,0,Cody Rice-Velasquez,-,days,0:00,00:00,Billable,HRIS Implementation,Overdue,,,,"November 8, 2024 12:00 AM (EST)","November 8, 2024 11:59 PM (EST)",HR Implementation Plan,-,,2350689000000131600,Cody Rice-Velasquez,Audits,0:00,0:00,,0,hrs,Independent Tasks,00:00,QU-5,Active,https://projects.zoho.com/portal/download/qhrpeople#task/2350689000000055067/2350689000000131581/2350689000000131593,"August 26, 2024 8:58 PM (EDT)",-,-,-,-,-,-,-,-,-,-,-