source_file,source_path,domain,file_kind,target_module,target_record_type,target_schema,target_table,current_stage,status,row_count,column_count,notes
system_API Recovery Keys & Related.csv,20_schemas/reference_csv/system/system_API Recovery Keys & Related.csv,system,csv,system,record,qisystem,records,raw,needs_profile,171,10,Raw ingestion target
system_Brand Assets.csv,20_schemas/reference_csv/system/system_Brand Assets.csv,system,csv,system,record,qisystem,records,raw,needs_profile,123,4,Raw ingestion target
system_Chargers.csv,20_schemas/reference_csv/system/system_Chargers.csv,system,csv,system,record,qisystem,records,raw,needs_profile,6,6,Raw ingestion target
system_Communication Logs.csv,20_schemas/reference_csv/system/system_Communication Logs.csv,system,csv,system,record,qisystem,records,raw,needs_profile,2,4,Raw ingestion target
system_Core Registry.csv,20_schemas/reference_csv/system/system_Core Registry.csv,system,csv,system,record,qisystem,records,raw,needs_profile,7,8,Raw ingestion target
system_Daily Metrics.csv,20_schemas/reference_csv/system/system_Daily Metrics.csv,system,csv,system,record,qisystem,records,raw,needs_profile,2,18,Raw ingestion target
system_database outline.csv,20_schemas/reference_csv/system/system_database outline.csv,system,csv,system,record,qisystem,records,raw,needs_profile,58,4,Raw ingestion target
system_db_groups_db.csv,20_schemas/reference_csv/system/system_db_groups_db.csv,system,csv,system,record,qisystem,records,raw,needs_profile,9,7,Raw ingestion target
system_DirectoryTrees db.csv,20_schemas/reference_csv/system/system_DirectoryTrees db.csv,system,csv,system,record,qisystem,records,raw,needs_profile,266,10,Raw ingestion target
system_Domains.csv,20_schemas/reference_csv/system/system_Domains.csv,system,csv,system,record,qisystem,records,raw,needs_profile,28,14,Raw ingestion target
system_FieldDependencyRelation_001.csv,20_schemas/reference_csv/system/system_FieldDependencyRelation_001.csv,system,csv,system,record,qisystem,records,raw,needs_profile,14,10,Raw ingestion target
system_Fields_001.csv,20_schemas/reference_csv/system/system_Fields_001.csv,system,csv,system,record,qisystem,records,raw,needs_profile,2024,18,Raw ingestion target
system_Issue Tracking.csv,20_schemas/reference_csv/system/system_Issue Tracking.csv,system,csv,system,record,qisystem,records,raw,needs_profile,14,9,Raw ingestion target
system_job_titles_db.csv,20_schemas/reference_csv/system/system_job_titles_db.csv,system,csv,system,record,qisystem,records,raw,needs_profile,1443,5,Raw ingestion target
system_LayoutFieldProperties_001.csv,20_schemas/reference_csv/system/system_LayoutFieldProperties_001.csv,system,csv,system,record,qisystem,records,raw,needs_profile,1779,10,Raw ingestion target
system_Layout_001.csv,20_schemas/reference_csv/system/system_Layout_001.csv,system,csv,system,record,qisystem,records,raw,needs_profile,63,8,Raw ingestion target
system_Lists db Industries.csv,20_schemas/reference_csv/system/system_Lists db Industries.csv,system,csv,system,record,qisystem,records,raw,needs_profile,136,4,Raw ingestion target
system_Lists.csv,20_schemas/reference_csv/system/system_Lists.csv,system,csv,system,record,qisystem,records,raw,needs_profile,46,6,Raw ingestion target
system_Log.csv,20_schemas/reference_csv/system/system_Log.csv,system,csv,system,record,qisystem,records,raw,needs_profile,77,3,Raw ingestion target
system_Master Code Matrix with Numerical Values.csv,20_schemas/reference_csv/system/system_Master Code Matrix with Numerical Values.csv,system,csv,system,record,qisystem,records,raw,needs_profile,68,5,Raw ingestion target
system_Master Services Catalog.csv,20_schemas/reference_csv/system/system_Master Services Catalog.csv,system,csv,system,record,qisystem,records,raw,needs_profile,3028,28,Raw ingestion target
system_Modules_001.csv,20_schemas/reference_csv/system/system_Modules_001.csv,system,csv,system,record,qisystem,records,raw,needs_profile,69,11,Raw ingestion target
system_Notification Center (1).csv,20_schemas/reference_csv/system/system_Notification Center (1).csv,system,csv,system,record,qisystem,records,raw,needs_profile,2,20,Raw ingestion target
system_Notifications.csv,20_schemas/reference_csv/system/system_Notifications.csv,system,csv,system,record,qisystem,records,raw,needs_profile,32,6,Raw ingestion target
system_PickListFieldProperties_001.csv,20_schemas/reference_csv/system/system_PickListFieldProperties_001.csv,system,csv,system,record,qisystem,records,raw,needs_profile,1416,15,Raw ingestion target
system_Processes & Checklists.csv,20_schemas/reference_csv/system/system_Processes & Checklists.csv,system,csv,system,record,qisystem,records,raw,needs_profile,12,11,Raw ingestion target
system_QiAlly_Addons_Import_Final.csv,20_schemas/reference_csv/system/system_QiAlly_Addons_Import_Final.csv,system,csv,system,record,qisystem,records,raw,needs_profile,16,25,Raw ingestion target
system_QIVerse DB.csv,20_schemas/reference_csv/system/system_QIVerse DB.csv,system,csv,system,record,qisystem,records,raw,needs_profile,140,11,Raw ingestion target
system_speedometer-3-2025-11-15T22_11_11.487Z.csv,20_schemas/reference_csv/system/system_speedometer-3-2025-11-15T22_11_11.487Z.csv,system,csv,system,record,qisystem,records,raw,needs_profile,196,12,Raw ingestion target
system_Spread List.csv,20_schemas/reference_csv/system/system_Spread List.csv,system,csv,system,record,qisystem,records,raw,needs_profile,15,9,Raw ingestion target
system_Tools Checklist.csv,20_schemas/reference_csv/system/system_Tools Checklist.csv,system,csv,system,record,qisystem,records,raw,needs_profile,20,3,Raw ingestion target
system_Tools.csv,20_schemas/reference_csv/system/system_Tools.csv,system,csv,system,record,qisystem,records,raw,needs_profile,6,2,Raw ingestion target
system_Translation_Codes_001.csv,20_schemas/reference_csv/system/system_Translation_Codes_001.csv,system,csv,system,record,qisystem,records,raw,needs_profile,2,4,Raw ingestion target
system_Triggers Detail.csv,20_schemas/reference_csv/system/system_Triggers Detail.csv,system,csv,system,record,qisystem,records,raw,needs_profile,10,6,Raw ingestion target
system_Types.csv,20_schemas/reference_csv/system/system_Types.csv,system,csv,system,record,qisystem,records,raw,needs_profile,7,2,Raw ingestion target
system_usage_timeline_rows.csv,20_schemas/reference_csv/system/system_usage_timeline_rows.csv,system,csv,system,record,qisystem,records,raw,needs_profile,5,10,Raw ingestion target
20251116_app_code_gallery_database.csv,sheets/20251116_app_code_gallery_database.csv,unknown,csv,unknown,record,qisystem,records,raw,needs_profile,220,7,Raw ingestion target
activity_merged.csv,sheets/activity_merged.csv,unknown,csv,unknown,record,qisystem,records,raw,needs_profile,25513,15,Raw ingestion target
AES_Usage_Timeline.csv,sheets/AES_Usage_Timeline.csv,unknown,csv,unknown,record,qisystem,records,raw,needs_profile,5,8,Raw ingestion target
Company_Details_001.csv,sheets/Company_Details_001.csv,unknown,csv,unknown,record,qisystem,records,raw,needs_profile,1,19,Raw ingestion target
conversations.csv,sheets/conversations.csv,unknown,csv,unknown,record,qisystem,records,raw,needs_profile,322820,7,Raw ingestion target
gina_memory_rows.csv,sheets/gina_memory_rows.csv,unknown,csv,unknown,record,qisystem,records,raw,needs_profile,49,7,Raw ingestion target
ignore_list_v1.csv,sheets/ignore_list_v1.csv,unknown,csv,unknown,record,qisystem,records,raw,needs_profile,18,4,Raw ingestion target
Notifications.csv,sheets/Notifications.csv,unknown,csv,unknown,record,qisystem,records,raw,needs_profile,16,6,Raw ingestion target
Programming Languages.csv,sheets/Programming Languages.csv,unknown,csv,unknown,record,qisystem,records,raw,needs_profile,10,6,Raw ingestion target
qially_llc_account_list.csv,sheets/qially_llc_account_list.csv,unknown,csv,unknown,record,qisystem,records,raw,needs_profile,156,10,Raw ingestion target
QiNote Systems.csv,sheets/QiNote Systems.csv,unknown,csv,unknown,record,qisystem,records,raw,needs_profile,11,6,Raw ingestion target
qi_rules_template.csv,sheets/qi_rules_template.csv,unknown,csv,unknown,record,qisystem,records,raw,needs_profile,5,9,Raw ingestion target
raw_emails_combined.csv,sheets/raw_emails_combined.csv,unknown,csv,unknown,record,qisystem,records,raw,needs_profile,672,25,Raw ingestion target
realms_registry.csv,sheets/realms_registry.csv,unknown,csv,unknown,record,qisystem,records,raw,needs_profile,9,6,Raw ingestion target
sensitivity_classification_matrix_v1.csv,sheets/sensitivity_classification_matrix_v1.csv,unknown,csv,unknown,record,qisystem,records,raw,needs_profile,6,7,Raw ingestion target
businesses_db.csv,sheets/business/businesses_db.csv,business,csv,business,record,qisystem,records,raw,needs_profile,10,4,Raw ingestion target
business_Industry Reports.csv,sheets/business/business_Industry Reports.csv,business,csv,business,record,qisystem,records,raw,needs_profile,6,4,Raw ingestion target
calls_db.csv,sheets/business/calls_db.csv,business,csv,business,record,qisystem,records,raw,needs_profile,371,35,Raw ingestion target
engagements_db.csv,sheets/business/engagements_db.csv,business,csv,business,record,qisystem,records,raw,needs_profile,116,60,Raw ingestion target
experience_db.csv,sheets/business/experience_db.csv,business,csv,business,record,qisystem,records,raw,needs_profile,34,3,Raw ingestion target
meetings_db.csv,sheets/business/meetings_db.csv,business,csv,business,record,qisystem,records,raw,needs_profile,299,45,Raw ingestion target
products_services_db.csv,sheets/business/products_services_db.csv,business,csv,business,record,qisystem,records,raw,needs_profile,3898,57,Raw ingestion target
qially_db.csv,sheets/business/qially_db.csv,business,csv,business,record,qisystem,records,raw,needs_profile,1,19,Raw ingestion target
skills_db.csv,sheets/business/skills_db.csv,business,csv,business,record,qisystem,records,raw,needs_profile,1373,12,Raw ingestion target
socials_db.csv,sheets/business/socials_db.csv,business,csv,business,record,qisystem,records,raw,needs_profile,8,4,Raw ingestion target
tasks_db.csv,sheets/business/tasks_db.csv,business,csv,business,record,qisystem,records,raw,needs_profile,92,5,Raw ingestion target
territories_db.csv,sheets/business/territories_db.csv,business,csv,business,record,qisystem,records,raw,needs_profile,7,14,Raw ingestion target
client_Client Docs.csv,sheets/client/client_Client Docs.csv,unknown,csv,unknown,record,qisystem,records,raw,needs_profile,47,4,Raw ingestion target
contacts_db.csv,sheets/contacts/contacts_db.csv,unknown,csv,unknown,record,qisystem,records,raw,needs_profile,6640,18,Raw ingestion target
contacts_insights_db.csv,sheets/contacts/contacts_insights_db.csv,unknown,csv,unknown,record,qisystem,records,raw,needs_profile,161,26,Raw ingestion target
coa_db.csv,sheets/financial/coa_db.csv,financial,csv,finance,record,qisystem,records,raw,needs_profile,104,8,Raw ingestion target
coa_schc_db.csv,sheets/financial/coa_schc_db.csv,financial,csv,finance,record,qisystem,records,raw,needs_profile,114,8,Raw ingestion target
financial_billpay_db.csv,sheets/financial/financial_billpay_db.csv,financial,csv,finance,record,qisystem,records,raw,needs_profile,5,6,Raw ingestion target
financial_cashapp_converted_sample_format.csv,sheets/financial/financial_cashapp_converted_sample_format.csv,financial,csv,finance,record,qisystem,records,raw,needs_profile,1051,6,Raw ingestion target
financial_cashapp_db.csv,sheets/financial/financial_cashapp_db.csv,financial,csv,finance,record,qisystem,records,raw,needs_profile,416,15,Raw ingestion target
financial_Chart_of_Accounts.csv,sheets/financial/financial_Chart_of_Accounts.csv,financial,csv,finance,record,qisystem,records,raw,needs_profile,181,11,Raw ingestion target
financial_chart_of_accounts_clean.csv,sheets/financial/financial_chart_of_accounts_clean.csv,financial,csv,finance,record,qisystem,records,raw,needs_profile,93,4,Raw ingestion target
financial_Email Templates for Client Portal.csv,sheets/financial/financial_Email Templates for Client Portal.csv,financial,csv,finance,record,qisystem,records,raw,needs_profile,123,6,Raw ingestion target
financial_iisiTax Service Agreement Template.csv,sheets/financial/financial_iisiTax Service Agreement Template.csv,financial,csv,finance,record,qisystem,records,raw,needs_profile,1063,10,Raw ingestion target
financial_Internal COA (OS).csv,sheets/financial/financial_Internal COA (OS).csv,financial,csv,finance,record,qisystem,records,raw,needs_profile,238,19,Raw ingestion target
financial_Invoices_001.csv,sheets/financial/financial_Invoices_001.csv,financial,csv,finance,record,qisystem,records,raw,needs_profile,32,61,Raw ingestion target
financial_IRS Tax Professional Resources.csv,sheets/financial/financial_IRS Tax Professional Resources.csv,financial,csv,finance,record,qisystem,records,raw,needs_profile,6,10,Raw ingestion target
financial_items_db.csv,sheets/financial/financial_items_db.csv,financial,csv,finance,record,qisystem,records,raw,needs_profile,75,23,Raw ingestion target
financial_plates_db.csv,sheets/financial/financial_plates_db.csv,financial,csv,finance,record,qisystem,records,raw,needs_profile,16,105,Raw ingestion target
financial_QIALLY LLC_Account List.csv,sheets/financial/financial_QIALLY LLC_Account List.csv,financial,csv,finance,record,qisystem,records,raw,needs_profile,162,6,Raw ingestion target
financial_QiAlly me 360 Plan Details.csv,sheets/financial/financial_QiAlly me 360 Plan Details.csv,financial,csv,finance,record,qisystem,records,raw,needs_profile,478,8,Raw ingestion target
financial_Quotes_001.csv,sheets/financial/financial_Quotes_001.csv,financial,csv,finance,record,qisystem,records,raw,needs_profile,53,51,Raw ingestion target
financial_Register.csv,sheets/financial/financial_Register.csv,financial,csv,finance,record,qisystem,records,raw,needs_profile,1886,11,Raw ingestion target
financial_Sales Orders_001.csv,sheets/financial/financial_Sales Orders_001.csv,financial,csv,finance,record,qisystem,records,raw,needs_profile,2,56,Raw ingestion target
financial_Summary Total 1.csv,sheets/financial/financial_Summary Total 1.csv,financial,csv,finance,record,qisystem,records,raw,needs_profile,1,5,Raw ingestion target
financial_Summary _1.csv,sheets/financial/financial_Summary _1.csv,financial,csv,finance,record,qisystem,records,raw,needs_profile,2,4,Raw ingestion target
financial_Tax Home Expenses.csv,sheets/financial/financial_Tax Home Expenses.csv,financial,csv,finance,record,qisystem,records,raw,needs_profile,12,5,Raw ingestion target
financial_Tax Home Percentage DB.csv,sheets/financial/financial_Tax Home Percentage DB.csv,financial,csv,finance,record,qisystem,records,raw,needs_profile,2,5,Raw ingestion target
financial_Tax Ledger DB.csv,sheets/financial/financial_Tax Ledger DB.csv,financial,csv,finance,record,qisystem,records,raw,needs_profile,27,6,Raw ingestion target
financial_Tax Mileage DB.csv,sheets/financial/financial_Tax Mileage DB.csv,financial,csv,finance,record,qisystem,records,raw,needs_profile,6,4,Raw ingestion target
financial_Tax Resolution Packet Full.csv,sheets/financial/financial_Tax Resolution Packet Full.csv,financial,csv,finance,record,qisystem,records,raw,needs_profile,342,14,Raw ingestion target
financial_tax_returns_master_template.csv,sheets/financial/financial_tax_returns_master_template.csv,financial,csv,finance,record,qisystem,records,raw,needs_profile,33,66,Raw ingestion target
financial_Transaction Rules.csv,sheets/financial/financial_Transaction Rules.csv,financial,csv,finance,record,qisystem,records,raw,needs_profile,2,13,Raw ingestion target
financial_Yard Sale Summary.csv,sheets/financial/financial_Yard Sale Summary.csv,financial,csv,finance,record,qisystem,records,raw,needs_profile,62,6,Raw ingestion target
tarot_db.csv,sheets/financial/tarot_db.csv,financial,csv,finance,record,qisystem,records,raw,needs_profile,178,11,Raw ingestion target
taxwise_db.csv,sheets/financial/taxwise_db.csv,financial,csv,finance,record,qisystem,records,raw,needs_profile,24,13,Raw ingestion target
insurance_Auto Ins Drivers db.csv,sheets/insurance/insurance_Auto Ins Drivers db.csv,personal,csv,personal,record,qisystem,records,raw,needs_profile,6,7,Raw ingestion target
insurance_Auto Ins Events db.csv,sheets/insurance/insurance_Auto Ins Events db.csv,personal,csv,personal,record,qisystem,records,raw,needs_profile,59,11,Raw ingestion target
insurance_Auto Ins Vehicle db.csv,sheets/insurance/insurance_Auto Ins Vehicle db.csv,personal,csv,personal,record,qisystem,records,raw,needs_profile,2,14,Raw ingestion target
insurance_Auto Insurance db.csv,sheets/insurance/insurance_Auto Insurance db.csv,personal,csv,personal,record,qisystem,records,raw,needs_profile,2,15,Raw ingestion target
knowledge_Code Gallery and Snippets Database.csv,sheets/knowledge/knowledge_Code Gallery and Snippets Database.csv,personal,csv,personal,record,qisystem,records,raw,needs_profile,221,9,Raw ingestion target
knowledge_Coding Resources.csv,sheets/knowledge/knowledge_Coding Resources.csv,personal,csv,personal,record,qisystem,records,raw,needs_profile,8,5,Raw ingestion target
knowledge_conversations.csv,sheets/knowledge/knowledge_conversations.csv,personal,csv,personal,record,qisystem,records,raw,needs_profile,15241,8,Raw ingestion target
knowledge_Copy To Notion Web Clips.csv,sheets/knowledge/knowledge_Copy To Notion Web Clips.csv,personal,csv,personal,record,qisystem,records,raw,needs_profile,145,9,Raw ingestion target
knowledge_db RawEmails KB.csv,sheets/knowledge/knowledge_db RawEmails KB.csv,personal,csv,personal,record,qisystem,records,raw,needs_profile,400,24,Raw ingestion target
knowledge_db_SOPs.csv,sheets/knowledge/knowledge_db_SOPs.csv,personal,csv,personal,record,qisystem,records,raw,needs_profile,10,10,Raw ingestion target
knowledge_Knowledge Base.csv,sheets/knowledge/knowledge_Knowledge Base.csv,personal,csv,personal,record,qisystem,records,raw,needs_profile,167,16,Raw ingestion target
knowledge_Resources.csv,sheets/knowledge/knowledge_Resources.csv,personal,csv,personal,record,qisystem,records,raw,needs_profile,6,3,Raw ingestion target
knowledge_Tags.csv,sheets/knowledge/knowledge_Tags.csv,personal,csv,personal,record,qisystem,records,raw,needs_profile,136,5,Raw ingestion target
knowledge_Translation_Language_001.csv,sheets/knowledge/knowledge_Translation_Language_001.csv,personal,csv,personal,record,qisystem,records,raw,needs_profile,1,8,Raw ingestion target
legal_Background Check Adjudication Grid (TO REVIEW).csv,sheets/legal/legal_Background Check Adjudication Grid (TO REVIEW).csv,legal,csv,legal,record,qisystem,records,raw,needs_profile,437,10,Raw ingestion target
legal_Background Check Policies Database.csv,sheets/legal/legal_Background Check Policies Database.csv,legal,csv,legal,record,qisystem,records,raw,needs_profile,68,4,Raw ingestion target
legal_Charge_Types_and_Degrees.csv,sheets/legal/legal_Charge_Types_and_Degrees.csv,legal,csv,legal,record,qisystem,records,raw,needs_profile,16,2,Raw ingestion target
legal_Consulate Appointment 2024 07 12 1.csv,sheets/legal/legal_Consulate Appointment 2024 07 12 1.csv,legal,csv,legal,record,qisystem,records,raw,needs_profile,12,59,Raw ingestion target
legal_Consulate Appointment 2024 07.csv,sheets/legal/legal_Consulate Appointment 2024 07.csv,legal,csv,legal,record,qisystem,records,raw,needs_profile,24,59,Raw ingestion target
legal_Crisis Management.csv,sheets/legal/legal_Crisis Management.csv,legal,csv,legal,record,qisystem,records,raw,needs_profile,8,2,Raw ingestion target
legal_DocumentChecklist.csv,sheets/legal/legal_DocumentChecklist.csv,legal,csv,legal,record,qisystem,records,raw,needs_profile,6,7,Raw ingestion target
legal_EIN APPLICATION 2024 07.csv,sheets/legal/legal_EIN APPLICATION 2024 07.csv,legal,csv,legal,record,qisystem,records,raw,needs_profile,60,44,Raw ingestion target
legal_EIN_APPLICATION_2024_07_12.csv,sheets/legal/legal_EIN_APPLICATION_2024_07_12.csv,legal,csv,legal,record,qisystem,records,raw,needs_profile,60,44,Raw ingestion target
legal_Flow Docs_C_001.csv,sheets/legal/legal_Flow Docs_C_001.csv,legal,csv,legal,record,qisystem,records,raw,needs_profile,1,55,Raw ingestion target
legal_Immigration Case Events _1.csv,sheets/legal/legal_Immigration Case Events _1.csv,legal,csv,legal,record,qisystem,records,raw,needs_profile,3,8,Raw ingestion target
legal_Immigrations Forms List.csv,sheets/legal/legal_Immigrations Forms List.csv,legal,csv,legal,record,qisystem,records,raw,needs_profile,14,5,Raw ingestion target
legal_Internal Background Check Grid.csv,sheets/legal/legal_Internal Background Check Grid.csv,legal,csv,legal,record,qisystem,records,raw,needs_profile,218,5,Raw ingestion target
legal_Joel Immigration Case Binder 1.csv,sheets/legal/legal_Joel Immigration Case Binder 1.csv,legal,csv,legal,record,qisystem,records,raw,needs_profile,439,19,Raw ingestion target
legal_Mandated Training.csv,sheets/legal/legal_Mandated Training.csv,legal,csv,legal,record,qisystem,records,raw,needs_profile,56,57,Raw ingestion target
legal_New Text Document.csv,sheets/legal/legal_New Text Document.csv,legal,csv,legal,record,qisystem,records,raw,needs_profile,11,8,Raw ingestion target
legal_QiAlly Master Legal Binder.csv,sheets/legal/legal_QiAlly Master Legal Binder.csv,legal,csv,legal,record,qisystem,records,raw,needs_profile,625,38,Raw ingestion target
legal_SRV INDIANA FILINGS 2024 07 12 1.csv,sheets/legal/legal_SRV INDIANA FILINGS 2024 07 12 1.csv,legal,csv,legal,record,qisystem,records,raw,needs_profile,53,51,Raw ingestion target
legal_SRV INDIANA FILINGS 2024 07.csv,sheets/legal/legal_SRV INDIANA FILINGS 2024 07.csv,legal,csv,legal,record,qisystem,records,raw,needs_profile,76,51,Raw ingestion target
legal_SRV1 Doc Prep 2024 07 12 1.csv,sheets/legal/legal_SRV1 Doc Prep 2024 07 12 1.csv,legal,csv,legal,record,qisystem,records,raw,needs_profile,7,68,Raw ingestion target
legal_SRV1 Doc Prep 2024 07.csv,sheets/legal/legal_SRV1 Doc Prep 2024 07.csv,legal,csv,legal,record,qisystem,records,raw,needs_profile,14,68,Raw ingestion target
legal_SRV1_Doc_Prep_2024_07_12.csv,sheets/legal/legal_SRV1_Doc_Prep_2024_07_12.csv,legal,csv,legal,record,qisystem,records,raw,needs_profile,14,68,Raw ingestion target
legal_SRV_INDIANA_FILINGS_2024_07_12.csv,sheets/legal/legal_SRV_INDIANA_FILINGS_2024_07_12.csv,legal,csv,legal,record,qisystem,records,raw,needs_profile,76,51,Raw ingestion target
legal_Tony Walker Documents.csv,sheets/legal/legal_Tony Walker Documents.csv,legal,csv,legal,record,qisystem,records,raw,needs_profile,12,3,Raw ingestion target
medical_Blood Glucose Log.csv,sheets/medical/medical_Blood Glucose Log.csv,medical,csv,care,record,qisystem,records,raw,needs_profile,5,8,Raw ingestion target
medical_Blood Pressure Log.csv,sheets/medical/medical_Blood Pressure Log.csv,medical,csv,care,record,qisystem,records,raw,needs_profile,4,9,Raw ingestion target
medical_Drive Health Tracker.csv,sheets/medical/medical_Drive Health Tracker.csv,medical,csv,care,record,qisystem,records,raw,needs_profile,42,26,Raw ingestion target
medical_Encounters 1c1f84a04402800cac10d16222dd88b6_all.csv,sheets/medical/medical_Encounters 1c1f84a04402800cac10d16222dd88b6_all.csv,medical,csv,care,record,qisystem,records,raw,needs_profile,215,13,Raw ingestion target
medical_Medical History Log.csv,sheets/medical/medical_Medical History Log.csv,medical,csv,care,record,qisystem,records,raw,needs_profile,10,9,Raw ingestion target
medical_Medical Tests Log.csv,sheets/medical/medical_Medical Tests Log.csv,medical,csv,care,record,qisystem,records,raw,needs_profile,6,11,Raw ingestion target
medical_Medication.csv,sheets/medical/medical_Medication.csv,medical,csv,care,record,qisystem,records,raw,needs_profile,4,13,Raw ingestion target
medical_Paranoia & Behavior Log.csv,sheets/medical/medical_Paranoia & Behavior Log.csv,medical,csv,care,record,qisystem,records,raw,needs_profile,66,15,Raw ingestion target
medical_Vaccination Log.csv,sheets/medical/medical_Vaccination Log.csv,medical,csv,care,record,qisystem,records,raw,needs_profile,3,13,Raw ingestion target
personal_allergies_db.csv,sheets/personal/personal_allergies_db.csv,personal,csv,personal,record,qisystem,records,raw,needs_profile,2,9,Raw ingestion target
personal_bookmarks_db.csv,sheets/personal/personal_bookmarks_db.csv,personal,csv,personal,record,qisystem,records,raw,needs_profile,20,9,Raw ingestion target
personal_Daily Tracker.csv,sheets/personal/personal_Daily Tracker.csv,personal,csv,personal,record,qisystem,records,raw,needs_profile,226,14,Raw ingestion target
personal_generic_notes_db.csv,sheets/personal/personal_generic_notes_db.csv,personal,csv,personal,record,qisystem,records,raw,needs_profile,13,3,Raw ingestion target
personal_Gig Job.csv,sheets/personal/personal_Gig Job.csv,personal,csv,personal,record,qisystem,records,raw,needs_profile,18,2,Raw ingestion target
personal_Habit.csv,sheets/personal/personal_Habit.csv,personal,csv,personal,record,qisystem,records,raw,needs_profile,58,11,Raw ingestion target
personal_Letters & Voice Notes From Me (DB).csv,sheets/personal/personal_Letters & Voice Notes From Me (DB).csv,personal,csv,personal,record,qisystem,records,raw,needs_profile,2,6,Raw ingestion target
personal_Letters.csv,sheets/personal/personal_Letters.csv,personal,csv,personal,record,qisystem,records,raw,needs_profile,2,5,Raw ingestion target
personal_Lively Hood (DB).csv,sheets/personal/personal_Lively Hood (DB).csv,personal,csv,personal,record,qisystem,records,raw,needs_profile,2,8,Raw ingestion target
personal_medical_appointments_db.csv,sheets/personal/personal_medical_appointments_db.csv,medical,csv,care,record,qisystem,records,raw,needs_profile,1,10,Raw ingestion target
personal_medications_db.csv,sheets/personal/personal_medications_db.csv,personal,csv,personal,record,qisystem,records,raw,needs_profile,2,12,Raw ingestion target
personal_Meeting Notes.csv,sheets/personal/personal_Meeting Notes.csv,personal,csv,personal,record,qisystem,records,raw,needs_profile,12,6,Raw ingestion target
personal_Memory Shelf (DB).csv,sheets/personal/personal_Memory Shelf (DB).csv,personal,csv,personal,record,qisystem,records,raw,needs_profile,8,8,Raw ingestion target
personal_merged_account email_account open date_account password_db.csv,sheets/personal/personal_merged_account email_account open date_account password_db.csv,personal,csv,personal,record,qisystem,records,raw,needs_profile,68,20,Raw ingestion target
personal_merged_appliance_device_daily kwh _w _ hrs _ 1000__est_ monthly cost_db.csv,sheets/personal/personal_merged_appliance_device_daily kwh _w _ hrs _ 1000__est_ monthly cost_db.csv,personal,csv,personal,record,qisystem,records,raw,needs_profile,12,6,Raw ingestion target
personal_merged_assignee_cody rice-velasquez_files_db.csv,sheets/personal/personal_merged_assignee_cody rice-velasquez_files_db.csv,personal,csv,personal,record,qisystem,records,raw,needs_profile,8,3,Raw ingestion target
personal_merged_category-type_date sold_date sold summary_db.csv,sheets/personal/personal_merged_category-type_date sold_date sold summary_db.csv,personal,csv,personal,record,qisystem,records,raw,needs_profile,101,11,Raw ingestion target
personal_merged_created by_edited by_editing date_db.csv,sheets/personal/personal_merged_created by_edited by_editing date_db.csv,personal,csv,personal,record,qisystem,records,raw,needs_profile,11,10,Raw ingestion target
personal_merged_date_expense_income_db.csv,sheets/personal/personal_merged_date_expense_income_db.csv,personal,csv,personal,record,qisystem,records,raw,needs_profile,14,6,Raw ingestion target
personal_Messages to Cody (DB).csv,sheets/personal/personal_Messages to Cody (DB).csv,personal,csv,personal,record,qisystem,records,raw,needs_profile,2,10,Raw ingestion target
personal_Notes.csv,sheets/personal/personal_Notes.csv,personal,csv,personal,record,qisystem,records,raw,needs_profile,217,27,Raw ingestion target
personal_Personal Inventory.csv,sheets/personal/personal_Personal Inventory.csv,personal,csv,personal,record,qisystem,records,raw,needs_profile,24,15,Raw ingestion target
personal_qimessages_C_001.csv,sheets/personal/personal_qimessages_C_001.csv,personal,csv,personal,record,qisystem,records,raw,needs_profile,1,40,Raw ingestion target
personal_Reading Journal.csv,sheets/personal/personal_Reading Journal.csv,personal,csv,personal,record,qisystem,records,raw,needs_profile,21,5,Raw ingestion target
personal_StickyNotes_001.csv,sheets/personal/personal_StickyNotes_001.csv,personal,csv,personal,record,qisystem,records,raw,needs_profile,1,8,Raw ingestion target
personal_Tesla_Charging_History_2024-06-16T06-09-49.532Z_1e0e91da.csv,sheets/personal/personal_Tesla_Charging_History_2024-06-16T06-09-49.532Z_1e0e91da.csv,personal,csv,personal,record,qisystem,records,raw,needs_profile,10,23,Raw ingestion target
personal_Untitled 1_12.csv,sheets/personal/personal_Untitled 1_12.csv,personal,csv,personal,record,qisystem,records,raw,needs_profile,18,15,Raw ingestion target
personal_Untitled 1_2.csv,sheets/personal/personal_Untitled 1_2.csv,personal,csv,personal,record,qisystem,records,raw,needs_profile,238,5,Raw ingestion target
personal_Untitled 1_22.csv,sheets/personal/personal_Untitled 1_22.csv,personal,csv,personal,record,qisystem,records,raw,needs_profile,80,16,Raw ingestion target
personal_Untitled all 1_2.csv,sheets/personal/personal_Untitled all 1_2.csv,personal,csv,personal,record,qisystem,records,raw,needs_profile,18,16,Raw ingestion target
personal_vaccinations_db.csv,sheets/personal/personal_vaccinations_db.csv,personal,csv,personal,record,qisystem,records,raw,needs_profile,1,9,Raw ingestion target
personal_Vianey & Carlos.csv,sheets/personal/personal_Vianey & Carlos.csv,personal,csv,personal,record,qisystem,records,raw,needs_profile,22,7,Raw ingestion target
personal_What I’m Navigating Cody’s Guide to Understanding  219f84a04402814bac9aeb70a7ba0031_all.csv,sheets/personal/personal_What I’m Navigating Cody’s Guide to Understanding  219f84a04402814bac9aeb70a7ba0031_all.csv,personal,csv,personal,record,qisystem,records,raw,needs_profile,51,5,Raw ingestion target
personal_You Thought That You Knew Me.csv,sheets/personal/personal_You Thought That You Knew Me.csv,personal,csv,personal,record,qisystem,records,raw,needs_profile,256,17,Raw ingestion target
